2026-06-12T23:02:05.013Z [adapter] reminder fired: DeepSeek balance check
(node:175893) ExperimentalWarning: SQLite is an experimental feature and might change at any time
(Use `node --trace-warnings ...` to show where the warning was created)
2026-06-12T23:02:05.049Z [adapter] listening on http://0.0.0.0:3001, db=/root/.hermes/kanban.db, lastEventId=20487
2026-06-12T23:04:21.248Z [adapter] ws client connected, 1 total
2026-06-12T23:05:25.079Z [adapter] ws client connected, 2 total
2026-06-12T23:06:30.363Z [adapter] ws client connected, 3 total
2026-06-12T23:07:32.699Z [adapter] ws client connected, 3 total
2026-06-12T23:10:20.045Z [adapter] ws client connected, 4 total
2026-06-12T23:10:49.933Z [adapter] ws client connected, 4 total
2026-06-12T23:10:59.536Z [adapter] ws client connected, 5 total
2026-06-12T23:11:04.813Z [adapter] ws client connected, 6 total
2026-06-12T23:11:19.846Z [adapter] ws client connected, 6 total
2026-06-12T23:11:33.956Z [adapter] ws client connected, 6 total
2026-06-12T23:11:48.128Z [adapter] ws client connected, 6 total
2026-06-12T23:12:02.174Z [adapter] ws client connected, 5 total
2026-06-12T23:13:04.803Z [adapter] ws client connected, 6 total
2026-06-12T23:13:21.011Z [adapter] ws client connected, 6 total
2026-06-12T23:14:23.269Z [adapter] ws client connected, 7 total
2026-06-12T23:15:26.068Z [adapter] ws client connected, 8 total
2026-06-12T23:21:32.978Z [adapter] ws client connected, 9 total
2026-06-12T23:22:32.364Z [adapter] ws client connected, 9 total
2026-06-12T23:22:42.650Z [adapter] ws client connected, 9 total
2026-06-12T23:23:04.614Z [adapter] ws client connected, 9 total
2026-06-12T23:23:56.962Z [adapter] ws client connected, 10 total
2026-06-12T23:24:07.094Z [adapter] ws client connected, 11 total
2026-06-12T23:25:00.228Z [adapter] ws client connected, 12 total
2026-06-12T23:25:10.145Z [adapter] ws client connected, 13 total
2026-06-12T23:26:02.657Z [adapter] ws client connected, 14 total
2026-06-12T23:26:12.995Z [adapter] ws client connected, 15 total
2026-06-12T23:26:31.810Z [adapter] ws client connected, 16 total
2026-06-12T23:26:32.703Z [adapter] ws client connected, 17 total
2026-06-12T23:27:34.012Z [adapter] ws client connected, 18 total
2026-06-12T23:27:35.700Z [adapter] ws client connected, 19 total
2026-06-12T23:28:36.411Z [adapter] ws client connected, 20 total
2026-06-12T23:28:38.689Z [adapter] ws client connected, 21 total
2026-06-12T23:29:38.666Z [adapter] ws client connected, 22 total
2026-06-12T23:29:41.688Z [adapter] ws client connected, 23 total
2026-06-12T23:30:02.351Z [adapter] ws client connected, 24 total
2026-06-12T23:30:02.693Z [adapter] ws client connected, 25 total
2026-06-12T23:31:27.861Z [adapter] ws client connected, 25 total
2026-06-12T23:32:04.608Z [adapter] ws client connected, 26 total
2026-06-12T23:32:30.819Z [adapter] ws client connected, 27 total
2026-06-12T23:33:42.506Z [adapter] ws client connected, 28 total
2026-06-12T23:33:42.671Z [adapter] ws client connected, 29 total
2026-06-12T23:34:03.669Z [adapter] ws client connected, 28 total
2026-06-12T23:34:03.932Z [adapter] ws client connected, 29 total
2026-06-12T23:35:06.058Z [adapter] ws client connected, 30 total
2026-06-12T23:35:08.297Z [adapter] ws client connected, 31 total
2026-06-12T23:35:30.933Z [adapter] ws client connected, 31 total
2026-06-12T23:36:37.773Z [adapter] ws client connected, 32 total
2026-06-12T23:37:07.176Z [adapter] ws client connected, 32 total
2026-06-12T23:38:02.742Z [adapter] ws client connected, 33 total
2026-06-12T23:38:09.585Z [adapter] ws client connected, 34 total
2026-06-12T23:38:52.814Z [adapter] ws client connected, 34 total
2026-06-12T23:39:12.106Z [adapter] ws client connected, 35 total
2026-06-12T23:39:55.097Z [adapter] ws client connected, 36 total
2026-06-12T23:40:14.496Z [adapter] ws client connected, 37 total
2026-06-12T23:40:57.422Z [adapter] ws client connected, 38 total
2026-06-12T23:41:17.273Z [adapter] ws client connected, 39 total
2026-06-12T23:41:59.697Z [adapter] ws client connected, 40 total
2026-06-12T23:42:19.805Z [adapter] ws client connected, 41 total
2026-06-12T23:43:01.777Z [adapter] ws client connected, 42 total
2026-06-12T23:43:22.146Z [adapter] ws client connected, 43 total
2026-06-12T23:44:03.999Z [adapter] ws client connected, 44 total
2026-06-12T23:44:24.756Z [adapter] ws client connected, 45 total
2026-06-12T23:44:31.725Z [adapter] ws client connected, 46 total
2026-06-12T23:44:32.001Z [adapter] ws client connected, 47 total
2026-06-12T23:44:46.743Z [adapter] ws client connected, 47 total
2026-06-12T23:45:12.892Z [adapter] ws client connected, 47 total
2026-06-12T23:45:33.923Z [adapter] ws client connected, 48 total
2026-06-12T23:45:36.008Z [adapter] ws client connected, 48 total
2026-06-12T23:46:36.291Z [adapter] ws client connected, 49 total
2026-06-12T23:46:38.454Z [adapter] ws client connected, 50 total
2026-06-12T23:46:56.070Z [adapter] ws client connected, 50 total
2026-06-12T23:47:40.889Z [adapter] ws client connected, 51 total
2026-06-12T23:47:58.215Z [adapter] ws client connected, 52 total
2026-06-12T23:48:43.279Z [adapter] ws client connected, 53 total
2026-06-12T23:49:00.393Z [adapter] ws client connected, 54 total
2026-06-12T23:49:46.033Z [adapter] ws client connected, 55 total
2026-06-12T23:50:02.579Z [adapter] ws client connected, 56 total
2026-06-12T23:50:48.791Z [adapter] ws client connected, 57 total
2026-06-12T23:51:04.757Z [adapter] ws client connected, 58 total
2026-06-12T23:51:51.500Z [adapter] ws client connected, 59 total
2026-06-12T23:52:07.002Z [adapter] ws client connected, 60 total
2026-06-12T23:52:53.605Z [adapter] ws client connected, 61 total
2026-06-12T23:53:09.120Z [adapter] ws client connected, 62 total
2026-06-12T23:53:40.390Z [adapter] ws client connected, 63 total
2026-06-12T23:53:40.602Z [adapter] ws client connected, 64 total
2026-06-12T23:54:42.494Z [adapter] ws client connected, 65 total
2026-06-12T23:54:43.597Z [adapter] ws client connected, 66 total
2026-06-12T23:55:44.761Z [adapter] ws client connected, 67 total
2026-06-12T23:55:46.599Z [adapter] ws client connected, 68 total
2026-06-12T23:56:47.121Z [adapter] ws client connected, 69 total
2026-06-12T23:56:50.304Z [adapter] ws client connected, 70 total
2026-06-12T23:57:26.192Z [adapter] ws client connected, 70 total
2026-06-12T23:57:52.871Z [adapter] ws client connected, 71 total
2026-06-12T23:58:28.465Z [adapter] ws client connected, 72 total
2026-06-12T23:58:55.251Z [adapter] ws client connected, 73 total
2026-06-12T23:59:30.563Z [adapter] ws client connected, 74 total
2026-06-12T23:59:57.752Z [adapter] ws client connected, 75 total
2026-06-13T00:00:05.606Z [adapter] reminder fired: DeepSeek balance check
2026-06-13T00:00:05.608Z [adapter] reminder fired: Config drift lint
2026-06-13T00:01:07.743Z [adapter] ws client connected, 38 total
2026-06-13T00:01:08.017Z [adapter] ws client connected, 39 total
2026-06-13T00:02:10.059Z [adapter] ws client connected, 40 total
2026-06-13T00:02:10.749Z [adapter] ws client connected, 41 total
2026-06-13T00:03:12.211Z [adapter] ws client connected, 42 total
2026-06-13T00:03:13.072Z [adapter] ws client connected, 43 total
2026-06-13T00:04:14.395Z [adapter] ws client connected, 44 total
2026-06-13T00:04:15.687Z [adapter] ws client connected, 45 total
2026-06-13T00:04:31.206Z [adapter] ws client connected, 46 total
2026-06-13T00:04:31.503Z [adapter] ws client connected, 47 total
2026-06-13T00:05:24.069Z [adapter] ws client connected, 47 total
2026-06-13T00:06:04.985Z [adapter] ws client connected, 47 total
2026-06-13T00:06:28.078Z [adapter] ws client connected, 48 total
2026-06-13T00:07:43.917Z [adapter] ws client connected, 49 total
2026-06-13T00:07:44.473Z [adapter] ws client connected, 50 total
2026-06-13T00:08:46.106Z [adapter] ws client connected, 51 total
2026-06-13T00:08:47.120Z [adapter] ws client connected, 52 total
2026-06-13T00:09:48.375Z [adapter] ws client connected, 53 total
2026-06-13T00:09:49.817Z [adapter] ws client connected, 54 total
2026-06-13T00:10:50.599Z [adapter] ws client connected, 55 total
2026-06-13T00:10:52.353Z [adapter] ws client connected, 56 total
2026-06-13T00:11:52.743Z [adapter] ws client connected, 57 total
2026-06-13T00:11:54.818Z [adapter] ws client connected, 58 total
2026-06-13T00:12:54.992Z [adapter] ws client connected, 59 total
2026-06-13T00:12:57.386Z [adapter] ws client connected, 60 total
2026-06-13T00:13:57.279Z [adapter] ws client connected, 61 total
2026-06-13T00:13:59.770Z [adapter] ws client connected, 62 total
2026-06-13T00:14:59.588Z [adapter] ws client connected, 63 total
2026-06-13T00:15:02.113Z [adapter] ws client connected, 64 total
2026-06-13T00:16:01.899Z [adapter] ws client connected, 65 total
2026-06-13T00:16:04.603Z [adapter] ws client connected, 66 total
2026-06-13T00:17:04.149Z [adapter] ws client connected, 67 total
2026-06-13T00:17:07.426Z [adapter] ws client connected, 68 total
2026-06-13T00:18:06.470Z [adapter] ws client connected, 69 total
2026-06-13T00:18:10.113Z [adapter] ws client connected, 70 total
2026-06-13T00:19:08.781Z [adapter] ws client connected, 71 total
2026-06-13T00:19:12.571Z [adapter] ws client connected, 72 total
2026-06-13T00:20:11.144Z [adapter] ws client connected, 73 total
2026-06-13T00:20:15.315Z [adapter] ws client connected, 74 total
2026-06-13T00:21:13.796Z [adapter] ws client connected, 75 total
2026-06-13T00:21:17.917Z [adapter] ws client connected, 76 total
2026-06-13T00:22:20.582Z [adapter] ws client connected, 77 total
2026-06-13T00:23:22.965Z [adapter] ws client connected, 78 total
2026-06-13T00:23:42.555Z [adapter] ws client connected, 79 total
2026-06-13T00:23:58.319Z [adapter] ws client connected, 79 total
2026-06-13T00:25:00.927Z [adapter] ws client connected, 80 total
2026-06-13T00:26:03.510Z [adapter] ws client connected, 81 total
2026-06-13T00:27:06.263Z [adapter] ws client connected, 82 total
2026-06-13T00:28:08.917Z [adapter] ws client connected, 83 total
2026-06-13T00:29:11.472Z [adapter] ws client connected, 84 total
2026-06-13T00:30:14.164Z [adapter] ws client connected, 85 total
2026-06-13T00:31:16.784Z [adapter] ws client connected, 86 total
2026-06-13T00:32:58.496Z [adapter] ws client connected, 41 total
2026-06-13T00:34:18.275Z [adapter] ws client connected, 35 total
2026-06-13T00:34:44.779Z [adapter] ws client connected, 36 total
2026-06-13T00:35:47.266Z [adapter] ws client connected, 37 total
2026-06-13T00:36:49.740Z [adapter] ws client connected, 38 total
2026-06-13T00:37:52.450Z [adapter] ws client connected, 39 total
2026-06-13T00:38:54.791Z [adapter] ws client connected, 40 total
2026-06-13T00:39:57.124Z [adapter] ws client connected, 41 total
2026-06-13T00:40:50.290Z [adapter] ws client connected, 41 total
2026-06-13T00:41:52.667Z [adapter] ws client connected, 42 total
2026-06-13T00:42:34.827Z [adapter] ws client connected, 42 total
2026-06-13T00:43:37.289Z [adapter] ws client connected, 43 total
2026-06-13T00:44:39.432Z [adapter] ws client connected, 44 total
2026-06-13T00:45:42.422Z [adapter] ws client connected, 45 total
2026-06-13T00:46:45.411Z [adapter] ws client connected, 46 total
2026-06-13T00:47:47.879Z [adapter] ws client connected, 47 total
2026-06-13T00:48:50.525Z [adapter] ws client connected, 48 total
2026-06-13T00:49:53.139Z [adapter] ws client connected, 49 total
2026-06-13T00:50:55.706Z [adapter] ws client connected, 50 total
2026-06-13T00:51:58.214Z [adapter] ws client connected, 51 total
2026-06-13T00:53:00.897Z [adapter] ws client connected, 52 total
2026-06-13T00:54:03.488Z [adapter] ws client connected, 53 total
2026-06-13T00:55:06.085Z [adapter] ws client connected, 54 total
2026-06-13T00:55:52.736Z [adapter] ws client connected, 55 total
2026-06-13T00:56:55.384Z [adapter] ws client connected, 56 total
2026-06-13T00:57:58.371Z [adapter] ws client connected, 57 total
2026-06-13T00:59:00.748Z [adapter] ws client connected, 58 total
2026-06-13T00:59:04.073Z [adapter] ws client connected, 58 total
2026-06-13T00:59:31.824Z [adapter] ws client connected, 58 total
2026-06-13T01:00:34.576Z [adapter] ws client connected, 59 total
2026-06-13T01:02:27.754Z [adapter] ws client connected, 27 total
2026-06-13T01:04:03.895Z [adapter] ws client connected, 24 total
2026-06-13T01:05:06.287Z [adapter] ws client connected, 25 total
2026-06-13T01:06:36.014Z [adapter] ws client connected, 25 total
2026-06-13T01:07:38.364Z [adapter] ws client connected, 26 total
2026-06-13T01:08:40.725Z [adapter] ws client connected, 27 total
2026-06-13T01:08:56.537Z [adapter] ws client connected, 27 total
2026-06-13T01:09:58.795Z [adapter] ws client connected, 28 total
2026-06-13T01:11:10.711Z [adapter] ws client connected, 29 total
2026-06-13T01:12:13.188Z [adapter] ws client connected, 30 total
2026-06-13T01:13:15.873Z [adapter] ws client connected, 31 total
2026-06-13T01:14:18.323Z [adapter] ws client connected, 32 total
2026-06-13T01:15:21.319Z [adapter] ws client connected, 33 total
2026-06-13T01:16:24.316Z [adapter] ws client connected, 34 total
2026-06-13T01:17:27.308Z [adapter] ws client connected, 35 total
2026-06-13T01:18:30.302Z [adapter] ws client connected, 36 total
2026-06-13T01:19:08.300Z [adapter] ws client connected, 37 total
2026-06-13T01:20:11.306Z [adapter] ws client connected, 38 total
2026-06-13T01:20:28.271Z [adapter] ws client connected, 38 total
2026-06-13T01:21:30.327Z [adapter] ws client connected, 39 total
2026-06-13T01:22:32.366Z [adapter] ws client connected, 40 total
2026-06-13T01:23:19.931Z [adapter] ws client connected, 41 total
2026-06-13T01:24:02.803Z [adapter] ws client connected, 41 total
2026-06-13T01:25:04.883Z [adapter] ws client connected, 42 total
2026-06-13T01:26:06.955Z [adapter] ws client connected, 43 total
2026-06-13T01:27:09.026Z [adapter] ws client connected, 44 total
2026-06-13T01:28:11.098Z [adapter] ws client connected, 45 total
2026-06-13T01:29:13.183Z [adapter] ws client connected, 46 total
2026-06-13T01:30:15.264Z [adapter] ws client connected, 47 total
2026-06-13T01:31:17.358Z [adapter] ws client connected, 48 total
2026-06-13T01:32:30.562Z [adapter] ws client connected, 19 total
2026-06-13T01:33:54.632Z [adapter] ws client connected, 20 total
2026-06-13T01:34:56.723Z [adapter] ws client connected, 21 total
2026-06-13T01:35:58.833Z [adapter] ws client connected, 22 total
2026-06-13T01:37:04.748Z [adapter] ws client connected, 22 total
2026-06-13T01:38:06.813Z [adapter] ws client connected, 23 total
2026-06-13T01:39:08.881Z [adapter] ws client connected, 24 total
2026-06-13T01:40:10.956Z [adapter] ws client connected, 25 total
2026-06-13T01:41:13.014Z [adapter] ws client connected, 26 total
2026-06-13T01:42:15.097Z [adapter] ws client connected, 27 total
2026-06-13T01:43:17.138Z [adapter] ws client connected, 28 total
2026-06-13T01:44:19.177Z [adapter] ws client connected, 29 total
2026-06-13T01:45:21.212Z [adapter] ws client connected, 30 total
2026-06-13T01:46:24.200Z [adapter] ws client connected, 31 total
2026-06-13T01:47:27.199Z [adapter] ws client connected, 32 total
2026-06-13T01:48:07.200Z [adapter] ws client connected, 33 total
2026-06-13T01:49:10.195Z [adapter] ws client connected, 34 total
2026-06-13T01:49:53.887Z [adapter] ws client connected, 34 total
2026-06-13T01:50:44.749Z [adapter] ws client connected, 35 total
2026-06-13T01:50:55.971Z [adapter] ws client connected, 36 total
2026-06-13T01:51:58.190Z [adapter] ws client connected, 37 total
2026-06-13T01:53:01.185Z [adapter] ws client connected, 38 total
2026-06-13T01:54:04.183Z [adapter] ws client connected, 39 total
2026-06-13T01:55:07.167Z [adapter] ws client connected, 40 total
2026-06-13T01:56:10.165Z [adapter] ws client connected, 41 total
2026-06-13T01:57:13.173Z [adapter] ws client connected, 42 total
2026-06-13T01:58:16.155Z [adapter] ws client connected, 43 total
2026-06-13T01:59:19.151Z [adapter] ws client connected, 44 total
2026-06-13T02:00:22.196Z [adapter] ws client connected, 45 total
2026-06-13T02:01:25.152Z [adapter] ws client connected, 46 total
2026-06-13T02:02:28.144Z [adapter] ws client connected, 47 total
2026-06-13T02:03:31.145Z [adapter] ws client connected, 48 total
2026-06-13T02:04:34.136Z [adapter] ws client connected, 49 total
2026-06-13T02:05:49.909Z [adapter] ws client connected, 30 total
2026-06-13T02:06:51.986Z [adapter] ws client connected, 31 total
2026-06-13T02:07:54.041Z [adapter] ws client connected, 32 total
2026-06-13T02:08:56.103Z [adapter] ws client connected, 33 total
2026-06-13T02:09:58.157Z [adapter] ws client connected, 34 total
2026-06-13T02:11:00.237Z [adapter] ws client connected, 35 total
2026-06-13T02:12:02.302Z [adapter] ws client connected, 36 total
2026-06-13T02:13:04.377Z [adapter] ws client connected, 37 total
2026-06-13T02:14:06.457Z [adapter] ws client connected, 38 total
2026-06-13T02:15:08.519Z [adapter] ws client connected, 39 total
2026-06-13T02:16:10.598Z [adapter] ws client connected, 40 total
2026-06-13T02:17:12.663Z [adapter] ws client connected, 41 total
2026-06-13T02:18:15.096Z [adapter] ws client connected, 42 total
2026-06-13T02:19:18.093Z [adapter] ws client connected, 43 total
2026-06-13T02:20:21.082Z [adapter] ws client connected, 44 total
2026-06-13T02:21:24.083Z [adapter] ws client connected, 45 total
2026-06-13T02:22:27.080Z [adapter] ws client connected, 46 total
2026-06-13T02:23:30.077Z [adapter] ws client connected, 47 total
2026-06-13T02:24:33.073Z [adapter] ws client connected, 48 total
2026-06-13T02:25:36.072Z [adapter] ws client connected, 49 total
2026-06-13T02:26:39.062Z [adapter] ws client connected, 50 total
2026-06-13T02:27:42.066Z [adapter] ws client connected, 51 total
2026-06-13T02:28:45.062Z [adapter] ws client connected, 52 total
2026-06-13T02:29:48.044Z [adapter] ws client connected, 53 total
2026-06-13T02:30:51.043Z [adapter] ws client connected, 54 total
2026-06-13T02:32:09.042Z [adapter] ws client connected, 27 total
2026-06-13T02:33:14.037Z [adapter] ws client connected, 13 total
2026-06-13T02:34:17.037Z [adapter] ws client connected, 14 total
2026-06-13T02:35:20.033Z [adapter] ws client connected, 15 total
2026-06-13T02:36:23.028Z [adapter] ws client connected, 16 total
2026-06-13T02:37:26.020Z [adapter] ws client connected, 17 total
2026-06-13T02:38:29.028Z [adapter] ws client connected, 18 total
2026-06-13T02:39:32.012Z [adapter] ws client connected, 19 total
2026-06-13T02:40:35.009Z [adapter] ws client connected, 20 total
2026-06-13T02:41:38.008Z [adapter] ws client connected, 21 total
2026-06-13T02:42:41.002Z [adapter] ws client connected, 22 total
2026-06-13T02:43:44.008Z [adapter] ws client connected, 23 total
2026-06-13T02:44:47.004Z [adapter] ws client connected, 24 total
2026-06-13T02:45:49.995Z [adapter] ws client connected, 25 total
2026-06-13T02:46:52.990Z [adapter] ws client connected, 26 total
2026-06-13T02:47:55.995Z [adapter] ws client connected, 27 total
2026-06-13T02:48:58.976Z [adapter] ws client connected, 28 total
2026-06-13T02:50:01.986Z [adapter] ws client connected, 29 total
2026-06-13T02:51:04.981Z [adapter] ws client connected, 30 total
2026-06-13T02:52:07.981Z [adapter] ws client connected, 31 total
2026-06-13T02:53:10.973Z [adapter] ws client connected, 32 total
2026-06-13T02:54:13.966Z [adapter] ws client connected, 33 total
2026-06-13T02:55:16.970Z [adapter] ws client connected, 34 total
2026-06-13T02:56:19.955Z [adapter] ws client connected, 35 total
2026-06-13T02:57:22.955Z [adapter] ws client connected, 36 total
2026-06-13T02:58:25.951Z [adapter] ws client connected, 37 total
2026-06-13T02:59:28.941Z [adapter] ws client connected, 38 total
2026-06-13T03:00:31.941Z [adapter] ws client connected, 39 total
2026-06-13T03:02:23.931Z [adapter] ws client connected, 29 total
2026-06-13T03:03:29.937Z [adapter] ws client connected, 16 total
2026-06-13T03:04:32.921Z [adapter] ws client connected, 17 total
2026-06-13T03:05:35.926Z [adapter] ws client connected, 18 total
2026-06-13T03:06:38.916Z [adapter] ws client connected, 19 total
2026-06-13T03:07:41.908Z [adapter] ws client connected, 20 total
2026-06-13T03:08:44.906Z [adapter] ws client connected, 21 total
2026-06-13T03:09:47.900Z [adapter] ws client connected, 22 total
2026-06-13T03:10:50.901Z [adapter] ws client connected, 23 total
2026-06-13T03:11:53.898Z [adapter] ws client connected, 24 total
2026-06-13T03:12:56.903Z [adapter] ws client connected, 25 total
2026-06-13T03:13:59.899Z [adapter] ws client connected, 26 total
2026-06-13T03:15:02.891Z [adapter] ws client connected, 27 total
2026-06-13T03:16:05.881Z [adapter] ws client connected, 28 total
2026-06-13T03:17:08.883Z [adapter] ws client connected, 29 total
2026-06-13T03:18:11.874Z [adapter] ws client connected, 30 total
2026-06-13T03:19:14.869Z [adapter] ws client connected, 31 total
2026-06-13T03:20:17.871Z [adapter] ws client connected, 32 total
2026-06-13T03:21:20.872Z [adapter] ws client connected, 33 total
2026-06-13T03:22:23.857Z [adapter] ws client connected, 34 total
2026-06-13T03:23:26.862Z [adapter] ws client connected, 35 total
2026-06-13T03:24:29.863Z [adapter] ws client connected, 36 total
2026-06-13T03:25:32.847Z [adapter] ws client connected, 37 total
2026-06-13T03:26:35.847Z [adapter] ws client connected, 38 total
2026-06-13T03:27:38.842Z [adapter] ws client connected, 39 total
2026-06-13T03:28:41.839Z [adapter] ws client connected, 40 total
2026-06-13T03:29:44.846Z [adapter] ws client connected, 41 total
2026-06-13T03:30:47.830Z [adapter] ws client connected, 42 total
2026-06-13T03:32:13.834Z [adapter] ws client connected, 29 total
2026-06-13T03:33:51.819Z [adapter] ws client connected, 16 total
2026-06-13T03:35:59.828Z [adapter] ws client connected, 15 total
2026-06-13T03:37:02.808Z [adapter] ws client connected, 16 total
2026-06-13T03:38:05.811Z [adapter] ws client connected, 17 total
2026-06-13T03:39:08.802Z [adapter] ws client connected, 18 total
2026-06-13T03:40:11.807Z [adapter] ws client connected, 19 total
2026-06-13T03:41:52.798Z [adapter] ws client connected, 20 total
2026-06-13T03:42:55.795Z [adapter] ws client connected, 21 total
2026-06-13T03:44:32.787Z [adapter] ws client connected, 17 total
2026-06-13T03:46:30.784Z [adapter] ws client connected, 16 total
2026-06-13T03:47:33.782Z [adapter] ws client connected, 17 total
2026-06-13T03:48:36.771Z [adapter] ws client connected, 18 total
2026-06-13T03:49:39.771Z [adapter] ws client connected, 19 total
2026-06-13T03:50:42.775Z [adapter] ws client connected, 20 total
2026-06-13T03:51:45.761Z [adapter] ws client connected, 21 total
2026-06-13T03:52:48.754Z [adapter] ws client connected, 22 total
2026-06-13T03:53:51.746Z [adapter] ws client connected, 23 total
2026-06-13T03:54:54.748Z [adapter] ws client connected, 24 total
2026-06-13T03:55:57.743Z [adapter] ws client connected, 25 total
2026-06-13T03:57:00.733Z [adapter] ws client connected, 26 total
2026-06-13T03:58:03.733Z [adapter] ws client connected, 27 total
2026-06-13T03:59:06.731Z [adapter] ws client connected, 28 total
2026-06-13T04:00:01.768Z [adapter] reminder fired: DeepSeek balance check
2026-06-13T04:01:04.730Z [adapter] ws client connected, 15 total
2026-06-13T04:02:07.728Z [adapter] ws client connected, 16 total
2026-06-13T04:03:10.721Z [adapter] ws client connected, 17 total
2026-06-13T04:04:13.709Z [adapter] ws client connected, 18 total
2026-06-13T04:05:16.713Z [adapter] ws client connected, 19 total
2026-06-13T04:07:09.707Z [adapter] ws client connected, 7 total
2026-06-13T04:08:47.697Z [adapter] ws client connected, 3 total
2026-06-13T04:09:50.691Z [adapter] ws client connected, 4 total
2026-06-13T04:10:53.689Z [adapter] ws client connected, 5 total
2026-06-13T04:11:56.690Z [adapter] ws client connected, 6 total
2026-06-13T04:12:59.675Z [adapter] ws client connected, 7 total
2026-06-13T04:14:02.674Z [adapter] ws client connected, 8 total
2026-06-13T04:15:05.671Z [adapter] ws client connected, 9 total
2026-06-13T04:16:08.665Z [adapter] ws client connected, 10 total
2026-06-13T04:17:11.678Z [adapter] ws client connected, 11 total
2026-06-13T04:18:14.657Z [adapter] ws client connected, 12 total
2026-06-13T04:19:17.662Z [adapter] ws client connected, 13 total
2026-06-13T04:20:20.660Z [adapter] ws client connected, 14 total
2026-06-13T04:21:23.654Z [adapter] ws client connected, 15 total
2026-06-13T04:22:26.640Z [adapter] ws client connected, 16 total
2026-06-13T04:23:29.648Z [adapter] ws client connected, 17 total
2026-06-13T04:24:32.640Z [adapter] ws client connected, 18 total
2026-06-13T04:25:35.629Z [adapter] ws client connected, 19 total
2026-06-13T04:26:38.630Z [adapter] ws client connected, 20 total
2026-06-13T04:27:41.641Z [adapter] ws client connected, 21 total
2026-06-13T04:28:44.624Z [adapter] ws client connected, 22 total
2026-06-13T04:29:47.620Z [adapter] ws client connected, 23 total
2026-06-13T04:30:50.618Z [adapter] ws client connected, 24 total
2026-06-13T04:32:52.609Z [adapter] ws client connected, 24 total
2026-06-13T04:33:55.612Z [adapter] ws client connected, 25 total
2026-06-13T04:34:58.610Z [adapter] ws client connected, 26 total
2026-06-13T04:36:01.605Z [adapter] ws client connected, 27 total
2026-06-13T04:37:04.592Z [adapter] ws client connected, 28 total
2026-06-13T04:38:07.590Z [adapter] ws client connected, 29 total
2026-06-13T04:39:10.584Z [adapter] ws client connected, 30 total
2026-06-13T04:40:13.591Z [adapter] ws client connected, 31 total
2026-06-13T04:41:16.582Z [adapter] ws client connected, 32 total
2026-06-13T04:42:19.581Z [adapter] ws client connected, 33 total
2026-06-13T04:43:22.569Z [adapter] ws client connected, 34 total
2026-06-13T04:44:25.568Z [adapter] ws client connected, 35 total
2026-06-13T04:45:28.574Z [adapter] ws client connected, 36 total
2026-06-13T04:46:31.559Z [adapter] ws client connected, 37 total
2026-06-13T04:47:34.556Z [adapter] ws client connected, 38 total
2026-06-13T04:48:37.567Z [adapter] ws client connected, 39 total
2026-06-13T04:49:40.550Z [adapter] ws client connected, 40 total
2026-06-13T04:50:43.542Z [adapter] ws client connected, 41 total
2026-06-13T04:51:46.543Z [adapter] ws client connected, 42 total
2026-06-13T04:52:49.532Z [adapter] ws client connected, 43 total
2026-06-13T04:53:52.529Z [adapter] ws client connected, 44 total
2026-06-13T04:54:55.534Z [adapter] ws client connected, 45 total
2026-06-13T04:55:58.523Z [adapter] ws client connected, 46 total
2026-06-13T04:57:01.527Z [adapter] ws client connected, 47 total
2026-06-13T04:58:04.525Z [adapter] ws client connected, 48 total
2026-06-13T04:59:07.510Z [adapter] ws client connected, 49 total
2026-06-13T05:00:10.512Z [adapter] ws client connected, 50 total
2026-06-13T05:01:13.511Z [adapter] ws client connected, 51 total
2026-06-13T05:02:56.510Z [adapter] ws client connected, 30 total
2026-06-13T05:03:59.491Z [adapter] ws client connected, 31 total
2026-06-13T05:05:36.487Z [adapter] ws client connected, 18 total
2026-06-13T05:06:39.497Z [adapter] ws client connected, 19 total
2026-06-13T05:07:42.485Z [adapter] ws client connected, 20 total
2026-06-13T05:08:45.492Z [adapter] ws client connected, 21 total
2026-06-13T05:09:48.481Z [adapter] ws client connected, 22 total
2026-06-13T05:10:51.481Z [adapter] ws client connected, 23 total
2026-06-13T05:11:54.475Z [adapter] ws client connected, 24 total
2026-06-13T05:13:16.465Z [adapter] ws client connected, 23 total
2026-06-13T05:14:19.457Z [adapter] ws client connected, 24 total
2026-06-13T05:15:22.460Z [adapter] ws client connected, 25 total
2026-06-13T05:16:25.456Z [adapter] ws client connected, 26 total
2026-06-13T05:17:28.444Z [adapter] ws client connected, 27 total
2026-06-13T05:18:31.449Z [adapter] ws client connected, 28 total
2026-06-13T05:19:34.456Z [adapter] ws client connected, 29 total
2026-06-13T05:20:37.437Z [adapter] ws client connected, 30 total
2026-06-13T05:21:40.439Z [adapter] ws client connected, 31 total
2026-06-13T05:22:43.428Z [adapter] ws client connected, 32 total
2026-06-13T05:23:46.425Z [adapter] ws client connected, 33 total
2026-06-13T05:24:49.423Z [adapter] ws client connected, 34 total
2026-06-13T05:25:52.415Z [adapter] ws client connected, 35 total
2026-06-13T05:26:55.413Z [adapter] ws client connected, 36 total
2026-06-13T05:27:58.418Z [adapter] ws client connected, 37 total
2026-06-13T05:29:01.401Z [adapter] ws client connected, 38 total
2026-06-13T05:30:04.398Z [adapter] ws client connected, 39 total
2026-06-13T05:31:07.396Z [adapter] ws client connected, 40 total
2026-06-13T05:32:19.394Z [adapter] ws client connected, 20 total
2026-06-13T05:33:35.391Z [adapter] ws client connected, 6 total
2026-06-13T05:34:38.383Z [adapter] ws client connected, 7 total
2026-06-13T05:35:41.391Z [adapter] ws client connected, 8 total
2026-06-13T05:36:44.376Z [adapter] ws client connected, 9 total
2026-06-13T05:37:47.384Z [adapter] ws client connected, 10 total
2026-06-13T05:38:50.370Z [adapter] ws client connected, 11 total
2026-06-13T05:39:53.365Z [adapter] ws client connected, 12 total
2026-06-13T05:40:56.365Z [adapter] ws client connected, 13 total
2026-06-13T05:41:59.370Z [adapter] ws client connected, 14 total
2026-06-13T05:43:02.357Z [adapter] ws client connected, 15 total
2026-06-13T05:44:05.356Z [adapter] ws client connected, 16 total
2026-06-13T05:45:08.357Z [adapter] ws client connected, 17 total
2026-06-13T05:46:11.349Z [adapter] ws client connected, 18 total
2026-06-13T05:47:14.337Z [adapter] ws client connected, 19 total
2026-06-13T05:48:17.338Z [adapter] ws client connected, 20 total
2026-06-13T05:49:20.340Z [adapter] ws client connected, 21 total
2026-06-13T05:50:23.331Z [adapter] ws client connected, 22 total
2026-06-13T05:51:26.334Z [adapter] ws client connected, 23 total
2026-06-13T05:52:29.333Z [adapter] ws client connected, 24 total
2026-06-13T05:53:32.319Z [adapter] ws client connected, 25 total
2026-06-13T05:54:35.325Z [adapter] ws client connected, 26 total
2026-06-13T05:55:38.321Z [adapter] ws client connected, 27 total
2026-06-13T05:56:41.318Z [adapter] ws client connected, 28 total
2026-06-13T05:57:44.307Z [adapter] ws client connected, 29 total
2026-06-13T05:58:47.307Z [adapter] ws client connected, 30 total
2026-06-13T05:59:50.298Z [adapter] ws client connected, 31 total
2026-06-13T06:00:53.295Z [adapter] ws client connected, 32 total
2026-06-13T06:01:56.293Z [adapter] ws client connected, 33 total
2026-06-13T06:02:59.285Z [adapter] ws client connected, 34 total
2026-06-13T06:04:02.290Z [adapter] ws client connected, 35 total
2026-06-13T06:05:17.281Z [adapter] ws client connected, 32 total
2026-06-13T06:06:23.273Z [adapter] ws client connected, 18 total
2026-06-13T06:07:43.271Z [adapter] ws client connected, 18 total
2026-06-13T06:08:46.271Z [adapter] ws client connected, 19 total
2026-06-13T06:09:49.271Z [adapter] ws client connected, 20 total
2026-06-13T06:10:52.269Z [adapter] ws client connected, 21 total
2026-06-13T06:11:55.266Z [adapter] ws client connected, 22 total
2026-06-13T06:12:58.259Z [adapter] ws client connected, 23 total
2026-06-13T06:14:01.254Z [adapter] ws client connected, 24 total
2026-06-13T06:15:04.242Z [adapter] ws client connected, 25 total
2026-06-13T06:16:07.247Z [adapter] ws client connected, 26 total
2026-06-13T06:17:10.245Z [adapter] ws client connected, 27 total
2026-06-13T08:00:02.544Z [adapter] reminder fired: DeepSeek balance check
2026-06-13T09:00:02.709Z [adapter] reminder fired: Weekly cost report
2026-06-13T10:00:47.720Z [adapter] ws client connected, 1 total
2026-06-13T10:01:50.015Z [adapter] ws client connected, 2 total
2026-06-13T10:02:52.377Z [adapter] ws client connected, 3 total
2026-06-13T10:03:06.598Z [adapter] ws client connected, 3 total
2026-06-13T10:04:08.813Z [adapter] ws client connected, 4 total
2026-06-13T10:05:11.545Z [adapter] ws client connected, 5 total
2026-06-13T10:06:13.714Z [adapter] ws client connected, 6 total
2026-06-13T10:07:15.878Z [adapter] ws client connected, 7 total
2026-06-13T10:08:18.084Z [adapter] ws client connected, 8 total
2026-06-13T10:09:20.390Z [adapter] ws client connected, 9 total
2026-06-13T10:10:33.725Z [adapter] ws client connected, 7 total
2026-06-13T10:29:44.516Z [adapter] ws client connected, 8 total
2026-06-13T10:30:05.440Z [adapter] ws client connected, 8 total
2026-06-13T10:31:07.587Z [adapter] ws client connected, 9 total
2026-06-13T10:32:30.785Z [adapter] ws client connected, 5 total
2026-06-13T10:33:56.805Z [adapter] ws client connected, 5 total
2026-06-13T10:34:59.026Z [adapter] ws client connected, 6 total
2026-06-13T10:36:01.285Z [adapter] ws client connected, 7 total
2026-06-13T10:37:03.495Z [adapter] ws client connected, 8 total
2026-06-13T10:38:05.748Z [adapter] ws client connected, 9 total
2026-06-13T10:39:08.033Z [adapter] ws client connected, 10 total
2026-06-13T10:40:10.234Z [adapter] ws client connected, 11 total
2026-06-13T12:00:03.233Z [adapter] reminder fired: DeepSeek balance check
2026-06-13T12:00:03.235Z [adapter] reminder fired: Config drift lint
2026-06-13T16:00:04.228Z [adapter] reminder fired: DeepSeek balance check
2026-06-13T17:15:15.705Z [adapter] ws client connected, 1 total
2026-06-13T17:16:17.747Z [adapter] ws client connected, 2 total
2026-06-13T17:17:19.786Z [adapter] ws client connected, 3 total
2026-06-13T17:18:21.993Z [adapter] ws client connected, 4 total
2026-06-13T17:19:24.992Z [adapter] ws client connected, 5 total
2026-06-13T17:20:28.065Z [adapter] ws client connected, 6 total
2026-06-13T17:21:30.992Z [adapter] ws client connected, 7 total
2026-06-13T17:22:33.993Z [adapter] ws client connected, 8 total
2026-06-13T17:23:36.990Z [adapter] ws client connected, 9 total
2026-06-13T17:24:40.134Z [adapter] ws client connected, 10 total
2026-06-13T17:25:42.988Z [adapter] ws client connected, 11 total
2026-06-13T17:26:45.993Z [adapter] ws client connected, 12 total
2026-06-13T17:27:49.135Z [adapter] ws client connected, 13 total
2026-06-13T17:28:51.992Z [adapter] ws client connected, 14 total
2026-06-13T17:29:54.994Z [adapter] ws client connected, 15 total
2026-06-13T17:30:57.989Z [adapter] ws client connected, 16 total
2026-06-13T17:33:02.992Z [adapter] ws client connected, 3 total
2026-06-13T17:34:38.990Z [adapter] ws client connected, 4 total
2026-06-13T17:35:41.991Z [adapter] ws client connected, 5 total
2026-06-13T17:36:44.989Z [adapter] ws client connected, 6 total
2026-06-13T17:37:47.986Z [adapter] ws client connected, 7 total
2026-06-13T17:38:50.989Z [adapter] ws client connected, 8 total
2026-06-13T17:39:32.254Z [adapter] ws client connected, 9 total
2026-06-13T17:39:53.984Z [adapter] ws client connected, 10 total
2026-06-13T17:41:52.989Z [adapter] ws client connected, 10 total
2026-06-13T17:42:55.984Z [adapter] ws client connected, 11 total
2026-06-13T17:43:58.988Z [adapter] ws client connected, 12 total
2026-06-13T17:45:01.987Z [adapter] ws client connected, 13 total
2026-06-13T17:46:04.985Z [adapter] ws client connected, 14 total
2026-06-13T17:47:07.987Z [adapter] ws client connected, 15 total
2026-06-13T17:48:10.982Z [adapter] ws client connected, 16 total
2026-06-13T17:49:13.989Z [adapter] ws client connected, 17 total
2026-06-13T17:50:16.984Z [adapter] ws client connected, 18 total
2026-06-13T17:51:19.983Z [adapter] ws client connected, 19 total
2026-06-13T17:52:22.985Z [adapter] ws client connected, 20 total
2026-06-13T17:53:25.980Z [adapter] ws client connected, 21 total
2026-06-13T17:54:28.985Z [adapter] ws client connected, 22 total
2026-06-13T17:55:31.982Z [adapter] ws client connected, 23 total
2026-06-13T17:56:34.985Z [adapter] ws client connected, 24 total
2026-06-13T17:57:37.983Z [adapter] ws client connected, 25 total
2026-06-13T17:58:40.982Z [adapter] ws client connected, 26 total
2026-06-13T17:59:43.981Z [adapter] ws client connected, 27 total
2026-06-13T18:00:46.983Z [adapter] ws client connected, 28 total
2026-06-13T18:01:57.985Z [adapter] ws client connected, 21 total
2026-06-13T18:03:13.984Z [adapter] ws client connected, 7 total
2026-06-13T18:04:16.980Z [adapter] ws client connected, 8 total
2026-06-13T18:05:20.030Z [adapter] ws client connected, 9 total
2026-06-13T18:06:22.979Z [adapter] ws client connected, 10 total
2026-06-13T18:07:25.980Z [adapter] ws client connected, 11 total
2026-06-13T18:08:28.981Z [adapter] ws client connected, 12 total
2026-06-13T18:09:31.984Z [adapter] ws client connected, 13 total
2026-06-13T18:10:34.983Z [adapter] ws client connected, 14 total
2026-06-13T18:11:37.981Z [adapter] ws client connected, 15 total
2026-06-13T18:12:40.981Z [adapter] ws client connected, 16 total
2026-06-13T18:13:44.002Z [adapter] ws client connected, 17 total
2026-06-13T18:14:46.986Z [adapter] ws client connected, 18 total
2026-06-13T18:15:49.985Z [adapter] ws client connected, 19 total
2026-06-13T18:16:52.984Z [adapter] ws client connected, 20 total
2026-06-13T18:17:56.058Z [adapter] ws client connected, 21 total
2026-06-13T18:18:58.983Z [adapter] ws client connected, 22 total
2026-06-13T18:20:01.984Z [adapter] ws client connected, 23 total
2026-06-13T18:21:04.983Z [adapter] ws client connected, 24 total
2026-06-13T18:22:07.984Z [adapter] ws client connected, 25 total
2026-06-13T18:23:10.982Z [adapter] ws client connected, 26 total
2026-06-13T18:24:13.980Z [adapter] ws client connected, 27 total
2026-06-13T18:25:17.050Z [adapter] ws client connected, 28 total
2026-06-13T18:26:19.983Z [adapter] ws client connected, 29 total
2026-06-13T18:27:22.980Z [adapter] ws client connected, 30 total
2026-06-13T18:28:25.984Z [adapter] ws client connected, 31 total
2026-06-13T18:29:28.981Z [adapter] ws client connected, 32 total
2026-06-13T18:30:31.983Z [adapter] ws client connected, 33 total
2026-06-13T18:31:52.984Z [adapter] ws client connected, 15 total
2026-06-13T18:32:55.980Z [adapter] ws client connected, 16 total
2026-06-13T18:33:58.981Z [adapter] ws client connected, 17 total
2026-06-13T18:35:01.984Z [adapter] ws client connected, 18 total
2026-06-13T18:36:04.986Z [adapter] ws client connected, 19 total
2026-06-13T18:37:07.983Z [adapter] ws client connected, 20 total
2026-06-13T18:38:10.978Z [adapter] ws client connected, 21 total
2026-06-13T18:39:13.982Z [adapter] ws client connected, 22 total
2026-06-13T18:40:16.983Z [adapter] ws client connected, 23 total
2026-06-13T18:41:19.982Z [adapter] ws client connected, 24 total
2026-06-13T18:42:22.978Z [adapter] ws client connected, 25 total
2026-06-13T18:43:25.977Z [adapter] ws client connected, 26 total
2026-06-13T18:44:28.986Z [adapter] ws client connected, 27 total
2026-06-13T18:45:31.982Z [adapter] ws client connected, 28 total
2026-06-13T18:46:36.983Z [adapter] ws client connected, 29 total
2026-06-13T18:47:39.982Z [adapter] ws client connected, 30 total
2026-06-13T18:48:42.979Z [adapter] ws client connected, 31 total
2026-06-13T18:49:45.982Z [adapter] ws client connected, 32 total
2026-06-13T18:50:48.981Z [adapter] ws client connected, 33 total
2026-06-13T18:51:51.982Z [adapter] ws client connected, 34 total
2026-06-13T18:52:55.009Z [adapter] ws client connected, 35 total
2026-06-13T18:53:57.982Z [adapter] ws client connected, 36 total
2026-06-13T18:55:00.977Z [adapter] ws client connected, 37 total
2026-06-13T18:56:03.978Z [adapter] ws client connected, 38 total
2026-06-13T18:57:06.979Z [adapter] ws client connected, 39 total
2026-06-13T18:57:14.979Z [adapter] ws client connected, 40 total
2026-06-13T18:58:31.011Z [adapter] ws client connected, 41 total
2026-06-13T18:59:34.116Z [adapter] ws client connected, 42 total
2026-06-13T19:00:36.990Z [adapter] ws client connected, 43 total
2026-06-13T19:01:39.990Z [adapter] ws client connected, 44 total
2026-06-13T19:02:43.053Z [adapter] ws client connected, 45 total
2026-06-13T19:03:45.988Z [adapter] ws client connected, 46 total
2026-06-13T19:04:53.989Z [adapter] ws client connected, 33 total
2026-06-13T19:05:57.109Z [adapter] ws client connected, 34 total
2026-06-13T19:07:00.025Z [adapter] ws client connected, 35 total
2026-06-13T19:08:02.987Z [adapter] ws client connected, 36 total
2026-06-13T19:09:05.988Z [adapter] ws client connected, 37 total
2026-06-13T19:10:08.988Z [adapter] ws client connected, 38 total
2026-06-13T19:11:11.988Z [adapter] ws client connected, 39 total
2026-06-13T19:12:14.985Z [adapter] ws client connected, 40 total
2026-06-13T19:13:17.990Z [adapter] ws client connected, 41 total
2026-06-13T19:14:20.985Z [adapter] ws client connected, 42 total
2026-06-13T19:15:24.003Z [adapter] ws client connected, 43 total
2026-06-13T19:16:26.986Z [adapter] ws client connected, 44 total
2026-06-13T19:17:30.048Z [adapter] ws client connected, 45 total
2026-06-13T19:17:54.993Z [adapter] ws client connected, 46 total
2026-06-13T19:23:42.145Z [adapter] ws client connected, 47 total
2026-06-13T19:24:45.210Z [adapter] ws client connected, 48 total
2026-06-13T19:25:09.151Z [adapter] ws client connected, 49 total
2026-06-13T20:00:05.111Z [adapter] reminder fired: DeepSeek balance check
2026-06-13T21:59:37.242Z [adapter] ws client connected, 1 total
2026-06-13T22:00:40.241Z [adapter] ws client connected, 2 total
2026-06-13T22:02:08.242Z [adapter] ws client connected, 3 total
2026-06-13T22:03:24.256Z [adapter] ws client connected, 3 total
2026-06-13T22:04:27.246Z [adapter] ws client connected, 4 total
2026-06-13T22:05:30.237Z [adapter] ws client connected, 5 total
2026-06-13T22:06:33.243Z [adapter] ws client connected, 6 total
2026-06-13T22:07:36.241Z [adapter] ws client connected, 7 total
2026-06-13T22:08:39.247Z [adapter] ws client connected, 8 total
2026-06-13T22:09:42.247Z [adapter] ws client connected, 9 total
2026-06-13T22:10:09.241Z [adapter] ws client connected, 10 total
2026-06-13T22:11:11.606Z [adapter] ws client connected, 11 total
2026-06-13T22:21:11.889Z [adapter] ws client connected, 12 total
2026-06-13T22:28:13.560Z [adapter] ws client connected, 13 total
2026-06-13T22:29:16.079Z [adapter] ws client connected, 14 total
2026-06-13T22:31:14.360Z [adapter] ws client connected, 15 total
2026-06-14T00:00:10.677Z [adapter] reminder fired: DeepSeek balance check
2026-06-14T00:00:10.678Z [adapter] reminder fired: Config drift lint
2026-06-14T00:31:14.580Z [adapter] ws client connected, 1 total
2026-06-14T03:21:10.366Z [adapter] ws client connected, 1 total
2026-06-14T03:33:14.659Z [adapter] ws client connected, 2 total
2026-06-14T04:00:09.818Z [adapter] reminder fired: DeepSeek balance check
2026-06-14T06:33:17.673Z [adapter] ws client connected, 1 total
2026-06-14T06:35:14.930Z [adapter] ws client connected, 2 total
2026-06-14T06:37:11.847Z [adapter] ws client connected, 3 total
2026-06-14T06:49:14.053Z [adapter] ws client connected, 4 total
2026-06-14T07:03:10.433Z [adapter] ws client connected, 5 total
2026-06-14T07:15:14.213Z [adapter] ws client connected, 6 total
2026-06-14T07:17:12.022Z [adapter] ws client connected, 7 total
2026-06-14T07:29:15.429Z [adapter] ws client connected, 8 total
2026-06-14T07:31:13.312Z [adapter] ws client connected, 9 total
2026-06-14T07:43:16.106Z [adapter] ws client connected, 10 total
2026-06-14T07:45:13.404Z [adapter] ws client connected, 11 total
2026-06-14T07:55:12.244Z [adapter] ws client connected, 12 total
2026-06-14T08:00:11.307Z [adapter] reminder fired: DeepSeek balance check
2026-06-14T08:04:29.456Z [adapter] ws client connected, 13 total
2026-06-14T08:09:53.196Z [adapter] ws client connected, 14 total
2026-06-14T08:10:56.056Z [adapter] ws client connected, 15 total
2026-06-14T08:13:05.047Z [adapter] ws client connected, 16 total
2026-06-14T08:14:08.050Z [adapter] ws client connected, 17 total
2026-06-14T08:15:11.035Z [adapter] ws client connected, 18 total
2026-06-14T08:16:14.035Z [adapter] ws client connected, 19 total
2026-06-14T08:17:17.031Z [adapter] ws client connected, 20 total
2026-06-14T08:18:20.032Z [adapter] ws client connected, 21 total
2026-06-14T08:19:23.022Z [adapter] ws client connected, 22 total
2026-06-14T08:20:26.028Z [adapter] ws client connected, 23 total
2026-06-14T08:21:29.023Z [adapter] ws client connected, 24 total
2026-06-14T08:22:32.016Z [adapter] ws client connected, 25 total
2026-06-14T08:23:35.004Z [adapter] ws client connected, 26 total
2026-06-14T08:24:38.015Z [adapter] ws client connected, 27 total
2026-06-14T08:25:41.008Z [adapter] ws client connected, 28 total
2026-06-14T08:26:44.004Z [adapter] ws client connected, 29 total
2026-06-14T08:27:46.999Z [adapter] ws client connected, 30 total
2026-06-14T08:28:49.999Z [adapter] ws client connected, 31 total
2026-06-14T08:29:52.995Z [adapter] ws client connected, 32 total
2026-06-14T08:30:55.992Z [adapter] ws client connected, 21 total
2026-06-14T08:31:58.980Z [adapter] ws client connected, 22 total
2026-06-14T08:33:22.985Z [adapter] ws client connected, 8 total
2026-06-14T08:34:25.972Z [adapter] ws client connected, 9 total
2026-06-14T08:35:28.977Z [adapter] ws client connected, 10 total
2026-06-14T08:36:31.963Z [adapter] ws client connected, 11 total
2026-06-14T08:37:34.964Z [adapter] ws client connected, 12 total
2026-06-14T08:38:37.968Z [adapter] ws client connected, 12 total
2026-06-14T08:39:40.964Z [adapter] ws client connected, 13 total
2026-06-14T08:40:43.962Z [adapter] ws client connected, 14 total
2026-06-14T08:41:46.957Z [adapter] ws client connected, 15 total
2026-06-14T08:42:49.944Z [adapter] ws client connected, 16 total
2026-06-14T08:43:52.938Z [adapter] ws client connected, 17 total
2026-06-14T08:44:55.936Z [adapter] ws client connected, 18 total
2026-06-14T08:45:58.940Z [adapter] ws client connected, 19 total
2026-06-14T08:47:01.936Z [adapter] ws client connected, 19 total
2026-06-14T08:48:04.926Z [adapter] ws client connected, 20 total
2026-06-14T08:49:07.923Z [adapter] ws client connected, 21 total
2026-06-14T08:50:10.915Z [adapter] ws client connected, 22 total
2026-06-14T08:51:13.912Z [adapter] ws client connected, 23 total
2026-06-14T08:52:16.910Z [adapter] ws client connected, 24 total
2026-06-14T08:53:19.914Z [adapter] ws client connected, 25 total
2026-06-14T08:54:22.903Z [adapter] ws client connected, 26 total
2026-06-14T08:55:25.907Z [adapter] ws client connected, 27 total
2026-06-14T08:56:28.902Z [adapter] ws client connected, 28 total
2026-06-14T08:57:31.900Z [adapter] ws client connected, 29 total
2026-06-14T08:58:34.890Z [adapter] ws client connected, 30 total
2026-06-14T08:59:37.899Z [adapter] ws client connected, 31 total
2026-06-14T09:00:11.561Z [adapter] reminder fired: Weekly cost report
2026-06-14T09:01:13.880Z [adapter] ws client connected, 22 total
2026-06-14T09:02:27.877Z [adapter] ws client connected, 9 total
2026-06-14T09:04:17.868Z [adapter] ws client connected, 9 total
2026-06-14T09:05:20.875Z [adapter] ws client connected, 10 total
2026-06-14T09:06:23.864Z [adapter] ws client connected, 11 total
2026-06-14T09:07:26.870Z [adapter] ws client connected, 12 total
2026-06-14T09:08:29.859Z [adapter] ws client connected, 13 total
2026-06-14T09:09:32.843Z [adapter] ws client connected, 14 total
2026-06-14T09:10:35.845Z [adapter] ws client connected, 15 total
2026-06-14T09:11:38.841Z [adapter] ws client connected, 16 total
2026-06-14T09:12:41.837Z [adapter] ws client connected, 17 total
2026-06-14T09:13:44.831Z [adapter] ws client connected, 18 total
2026-06-14T09:14:47.824Z [adapter] ws client connected, 19 total
2026-06-14T09:15:50.832Z [adapter] ws client connected, 20 total
2026-06-14T09:16:53.828Z [adapter] ws client connected, 21 total
2026-06-14T09:17:56.824Z [adapter] ws client connected, 22 total
2026-06-14T09:18:59.822Z [adapter] ws client connected, 23 total
2026-06-14T09:20:02.813Z [adapter] ws client connected, 24 total
2026-06-14T09:21:05.814Z [adapter] ws client connected, 25 total
2026-06-14T09:22:08.800Z [adapter] ws client connected, 26 total
2026-06-14T09:23:11.795Z [adapter] ws client connected, 27 total
2026-06-14T09:24:14.803Z [adapter] ws client connected, 28 total
2026-06-14T09:25:17.794Z [adapter] ws client connected, 29 total
2026-06-14T09:26:20.782Z [adapter] ws client connected, 30 total
2026-06-14T09:26:40.430Z [adapter] ws client connected, 31 total
2026-06-14T09:27:23.781Z [adapter] ws client connected, 32 total
2026-06-14T09:27:43.426Z [adapter] ws client connected, 33 total
2026-06-14T09:28:26.786Z [adapter] ws client connected, 34 total
2026-06-14T09:28:46.434Z [adapter] ws client connected, 35 total
2026-06-14T09:29:29.785Z [adapter] ws client connected, 36 total
2026-06-14T09:29:49.432Z [adapter] ws client connected, 37 total
2026-06-14T09:30:32.780Z [adapter] ws client connected, 38 total
2026-06-14T09:30:52.427Z [adapter] ws client connected, 39 total
2026-06-14T09:32:28.768Z [adapter] ws client connected, 33 total
2026-06-14T09:32:29.430Z [adapter] ws client connected, 34 total
2026-06-14T09:33:31.769Z [adapter] ws client connected, 35 total
2026-06-14T09:33:32.429Z [adapter] ws client connected, 36 total
2026-06-14T09:34:10.430Z [adapter] ws client connected, 37 total
2026-06-14T09:34:34.764Z [adapter] ws client connected, 38 total
2026-06-14T09:35:12.784Z [adapter] ws client connected, 39 total
2026-06-14T09:35:37.760Z [adapter] ws client connected, 40 total
2026-06-14T09:36:40.760Z [adapter] ws client connected, 41 total
2026-06-14T09:37:43.744Z [adapter] ws client connected, 42 total
2026-06-14T09:38:46.739Z [adapter] ws client connected, 43 total
2026-06-14T09:39:42.113Z [adapter] ws client connected, 44 total
2026-06-14T09:39:49.737Z [adapter] ws client connected, 45 total
2026-06-14T09:40:52.754Z [adapter] ws client connected, 46 total
2026-06-14T09:41:12.935Z [adapter] ws client connected, 47 total
2026-06-14T09:41:55.740Z [adapter] ws client connected, 48 total
2026-06-14T09:42:58.734Z [adapter] ws client connected, 49 total
2026-06-14T09:43:11.455Z [adapter] ws client connected, 50 total
2026-06-14T09:44:01.737Z [adapter] ws client connected, 51 total
2026-06-14T09:45:04.724Z [adapter] ws client connected, 52 total
2026-06-14T09:46:07.719Z [adapter] ws client connected, 53 total
2026-06-14T09:47:10.723Z [adapter] ws client connected, 54 total
2026-06-14T09:48:13.717Z [adapter] ws client connected, 55 total
2026-06-14T09:49:16.708Z [adapter] ws client connected, 56 total
2026-06-14T09:50:19.707Z [adapter] ws client connected, 57 total
2026-06-14T09:51:22.697Z [adapter] ws client connected, 58 total
2026-06-14T09:52:25.706Z [adapter] ws client connected, 59 total
2026-06-14T09:53:11.382Z [adapter] ws client connected, 60 total
2026-06-14T09:53:28.692Z [adapter] ws client connected, 61 total
2026-06-14T09:54:31.688Z [adapter] ws client connected, 62 total
2026-06-14T09:55:11.856Z [adapter] ws client connected, 63 total
2026-06-14T09:55:34.694Z [adapter] ws client connected, 64 total
2026-06-14T09:56:37.687Z [adapter] ws client connected, 65 total
2026-06-14T09:57:40.690Z [adapter] ws client connected, 66 total
2026-06-14T09:58:43.680Z [adapter] ws client connected, 67 total
2026-06-14T09:59:46.669Z [adapter] ws client connected, 68 total
2026-06-14T10:00:13.288Z [adapter] ws client connected, 69 total
2026-06-14T10:00:49.677Z [adapter] ws client connected, 70 total
2026-06-14T10:01:16.290Z [adapter] ws client connected, 71 total
2026-06-14T10:01:52.665Z [adapter] ws client connected, 72 total
2026-06-14T10:02:19.292Z [adapter] ws client connected, 73 total
2026-06-14T10:02:29.287Z [adapter] ws client connected, 74 total
2026-06-14T10:02:55.667Z [adapter] ws client connected, 75 total
2026-06-14T10:03:58.656Z [adapter] ws client connected, 76 total
2026-06-14T10:03:59.479Z [adapter] ws client connected, 77 total
2026-06-14T10:05:44.615Z [adapter] ws client connected, 48 total
2026-06-14T10:05:44.654Z [adapter] ws client connected, 49 total
2026-06-14T10:07:46.481Z [adapter] ws client connected, 30 total
2026-06-14T10:07:46.654Z [adapter] ws client connected, 31 total
2026-06-14T10:08:49.484Z [adapter] ws client connected, 32 total
2026-06-14T10:08:49.639Z [adapter] ws client connected, 33 total
2026-06-14T10:09:52.477Z [adapter] ws client connected, 34 total
2026-06-14T10:09:52.631Z [adapter] ws client connected, 35 total
2026-06-14T10:10:55.478Z [adapter] ws client connected, 36 total
2026-06-14T10:10:55.642Z [adapter] ws client connected, 37 total
2026-06-14T10:11:58.481Z [adapter] ws client connected, 38 total
2026-06-14T10:11:58.631Z [adapter] ws client connected, 39 total
2026-06-14T10:13:01.476Z [adapter] ws client connected, 40 total
2026-06-14T10:13:01.622Z [adapter] ws client connected, 41 total
2026-06-14T10:14:04.475Z [adapter] ws client connected, 42 total
2026-06-14T10:14:04.617Z [adapter] ws client connected, 43 total
2026-06-14T10:15:07.477Z [adapter] ws client connected, 44 total
2026-06-14T10:15:07.615Z [adapter] ws client connected, 45 total
2026-06-14T10:16:10.480Z [adapter] ws client connected, 46 total
2026-06-14T10:16:10.610Z [adapter] ws client connected, 47 total
2026-06-14T10:17:13.474Z [adapter] ws client connected, 48 total
2026-06-14T10:17:13.618Z [adapter] ws client connected, 49 total
2026-06-14T10:18:16.477Z [adapter] ws client connected, 50 total
2026-06-14T10:18:16.605Z [adapter] ws client connected, 51 total
2026-06-14T10:18:56.475Z [adapter] ws client connected, 52 total
2026-06-14T10:19:19.611Z [adapter] ws client connected, 53 total
2026-06-14T10:19:59.104Z [adapter] ws client connected, 54 total
2026-06-14T10:20:22.593Z [adapter] ws client connected, 55 total
2026-06-14T10:21:02.111Z [adapter] ws client connected, 56 total
2026-06-14T10:21:25.587Z [adapter] ws client connected, 57 total
2026-06-14T10:22:05.101Z [adapter] ws client connected, 58 total
2026-06-14T10:22:28.585Z [adapter] ws client connected, 59 total
2026-06-14T10:23:08.105Z [adapter] ws client connected, 60 total
2026-06-14T10:23:31.594Z [adapter] ws client connected, 61 total
2026-06-14T10:24:11.115Z [adapter] ws client connected, 62 total
2026-06-14T10:24:34.586Z [adapter] ws client connected, 63 total
2026-06-14T10:25:14.110Z [adapter] ws client connected, 64 total
2026-06-14T10:25:37.589Z [adapter] ws client connected, 65 total
2026-06-14T10:26:17.157Z [adapter] ws client connected, 66 total
2026-06-14T10:26:40.573Z [adapter] ws client connected, 67 total
2026-06-14T10:27:20.102Z [adapter] ws client connected, 68 total
2026-06-14T10:27:43.567Z [adapter] ws client connected, 69 total
2026-06-14T10:28:23.105Z [adapter] ws client connected, 70 total
2026-06-14T10:28:46.565Z [adapter] ws client connected, 71 total
2026-06-14T10:29:26.108Z [adapter] ws client connected, 72 total
2026-06-14T10:29:49.564Z [adapter] ws client connected, 73 total
2026-06-14T10:30:29.106Z [adapter] ws client connected, 74 total
2026-06-14T10:30:52.559Z [adapter] ws client connected, 75 total
2026-06-14T10:32:19.562Z [adapter] ws client connected, 49 total
2026-06-14T10:32:20.104Z [adapter] ws client connected, 50 total
2026-06-14T10:33:22.556Z [adapter] ws client connected, 51 total
2026-06-14T10:33:23.109Z [adapter] ws client connected, 52 total
2026-06-14T10:34:25.554Z [adapter] ws client connected, 53 total
2026-06-14T10:34:26.109Z [adapter] ws client connected, 54 total
2026-06-14T10:35:28.551Z [adapter] ws client connected, 55 total
2026-06-14T10:35:29.109Z [adapter] ws client connected, 56 total
2026-06-14T10:36:31.537Z [adapter] ws client connected, 57 total
2026-06-14T10:36:32.107Z [adapter] ws client connected, 58 total
2026-06-14T10:37:34.535Z [adapter] ws client connected, 59 total
2026-06-14T10:37:35.103Z [adapter] ws client connected, 60 total
2026-06-14T10:38:37.541Z [adapter] ws client connected, 61 total
2026-06-14T10:38:38.109Z [adapter] ws client connected, 62 total
2026-06-14T10:39:40.534Z [adapter] ws client connected, 63 total
2026-06-14T10:39:41.105Z [adapter] ws client connected, 64 total
2026-06-14T10:40:43.519Z [adapter] ws client connected, 65 total
2026-06-14T10:40:44.105Z [adapter] ws client connected, 66 total
2026-06-14T10:41:46.525Z [adapter] ws client connected, 67 total
2026-06-14T10:41:47.109Z [adapter] ws client connected, 68 total
2026-06-14T10:42:49.524Z [adapter] ws client connected, 69 total
2026-06-14T10:42:50.106Z [adapter] ws client connected, 70 total
2026-06-14T10:43:52.517Z [adapter] ws client connected, 71 total
2026-06-14T10:43:53.115Z [adapter] ws client connected, 72 total
2026-06-14T10:44:55.516Z [adapter] ws client connected, 73 total
2026-06-14T10:44:56.107Z [adapter] ws client connected, 74 total
2026-06-14T10:45:26.109Z [adapter] ws client connected, 75 total
2026-06-14T10:45:58.514Z [adapter] ws client connected, 76 total
2026-06-14T10:47:00.552Z [adapter] ws client connected, 77 total
2026-06-14T10:48:02.585Z [adapter] ws client connected, 78 total
2026-06-14T10:49:04.614Z [adapter] ws client connected, 79 total
2026-06-14T10:50:06.634Z [adapter] ws client connected, 80 total
2026-06-14T10:51:08.670Z [adapter] ws client connected, 81 total
2026-06-14T10:52:10.694Z [adapter] ws client connected, 82 total
2026-06-14T10:53:12.726Z [adapter] ws client connected, 83 total
2026-06-14T10:53:18.513Z [adapter] ws client connected, 84 total
2026-06-14T10:54:14.755Z [adapter] ws client connected, 85 total
2026-06-14T10:55:16.483Z [adapter] ws client connected, 86 total
2026-06-14T10:55:16.775Z [adapter] ws client connected, 87 total
2026-06-14T10:56:18.832Z [adapter] ws client connected, 88 total
2026-06-14T10:57:13.801Z [adapter] ws client connected, 89 total
2026-06-14T10:57:20.875Z [adapter] ws client connected, 90 total
2026-06-14T10:58:22.906Z [adapter] ws client connected, 91 total
2026-06-14T10:59:24.959Z [adapter] ws client connected, 92 total
2026-06-14T11:00:27.461Z [adapter] ws client connected, 93 total
2026-06-14T11:01:30.454Z [adapter] ws client connected, 94 total
2026-06-14T11:02:59.453Z [adapter] ws client connected, 49 total
2026-06-14T11:04:02.442Z [adapter] ws client connected, 50 total
2026-06-14T11:05:43.442Z [adapter] ws client connected, 33 total
2026-06-14T11:06:46.434Z [adapter] ws client connected, 34 total
2026-06-14T11:09:15.425Z [adapter] ws client connected, 31 total
2026-06-14T11:10:18.420Z [adapter] ws client connected, 32 total
2026-06-14T11:11:10.161Z [adapter] ws client connected, 33 total
2026-06-14T11:11:21.413Z [adapter] ws client connected, 34 total
2026-06-14T11:12:24.418Z [adapter] ws client connected, 35 total
2026-06-14T11:13:07.417Z [adapter] ws client connected, 36 total
2026-06-14T11:13:27.412Z [adapter] ws client connected, 37 total
2026-06-14T11:14:30.411Z [adapter] ws client connected, 38 total
2026-06-14T11:15:33.401Z [adapter] ws client connected, 39 total
2026-06-14T11:16:36.406Z [adapter] ws client connected, 40 total
2026-06-14T11:17:39.389Z [adapter] ws client connected, 41 total
2026-06-14T11:18:42.383Z [adapter] ws client connected, 42 total
2026-06-14T11:19:45.389Z [adapter] ws client connected, 43 total
2026-06-14T11:20:48.382Z [adapter] ws client connected, 44 total
2026-06-14T11:21:51.377Z [adapter] ws client connected, 45 total
2026-06-14T11:22:54.382Z [adapter] ws client connected, 46 total
2026-06-14T11:23:10.163Z [adapter] ws client connected, 47 total
2026-06-14T11:23:57.366Z [adapter] ws client connected, 48 total
2026-06-14T11:25:00.363Z [adapter] ws client connected, 49 total
2026-06-14T11:26:03.363Z [adapter] ws client connected, 50 total
2026-06-14T11:27:06.358Z [adapter] ws client connected, 51 total
2026-06-14T11:28:09.363Z [adapter] ws client connected, 52 total
2026-06-14T11:29:12.347Z [adapter] ws client connected, 53 total
2026-06-14T11:30:15.351Z [adapter] ws client connected, 54 total
2026-06-14T11:31:18.342Z [adapter] ws client connected, 55 total
2026-06-14T11:32:50.347Z [adapter] ws client connected, 27 total
2026-06-14T11:33:15.254Z [adapter] ws client connected, 28 total
2026-06-14T11:34:34.333Z [adapter] ws client connected, 14 total
2026-06-14T11:35:37.341Z [adapter] ws client connected, 15 total
2026-06-14T11:36:40.331Z [adapter] ws client connected, 16 total
2026-06-14T11:37:43.316Z [adapter] ws client connected, 17 total
2026-06-14T11:38:46.314Z [adapter] ws client connected, 18 total
2026-06-14T11:39:49.315Z [adapter] ws client connected, 19 total
2026-06-14T11:40:52.318Z [adapter] ws client connected, 20 total
2026-06-14T11:41:55.308Z [adapter] ws client connected, 21 total
2026-06-14T11:42:58.308Z [adapter] ws client connected, 22 total
2026-06-14T11:44:01.292Z [adapter] ws client connected, 23 total
2026-06-14T11:45:04.289Z [adapter] ws client connected, 24 total
2026-06-14T11:46:07.296Z [adapter] ws client connected, 25 total
2026-06-14T11:47:10.297Z [adapter] ws client connected, 26 total
2026-06-14T11:48:13.280Z [adapter] ws client connected, 27 total
2026-06-14T11:49:16.282Z [adapter] ws client connected, 28 total
2026-06-14T11:50:19.281Z [adapter] ws client connected, 29 total
2026-06-14T11:51:22.281Z [adapter] ws client connected, 30 total
2026-06-14T11:52:25.273Z [adapter] ws client connected, 31 total
2026-06-14T11:53:28.268Z [adapter] ws client connected, 32 total
2026-06-14T11:54:31.270Z [adapter] ws client connected, 33 total
2026-06-14T11:55:34.252Z [adapter] ws client connected, 34 total
2026-06-14T11:56:37.267Z [adapter] ws client connected, 35 total
2026-06-14T11:57:40.255Z [adapter] ws client connected, 36 total
2026-06-14T11:58:43.243Z [adapter] ws client connected, 37 total
2026-06-14T11:59:46.252Z [adapter] ws client connected, 38 total
2026-06-14T12:00:12.278Z [adapter] reminder fired: DeepSeek balance check
2026-06-14T12:00:12.278Z [adapter] reminder fired: Config drift lint
2026-06-14T12:01:15.240Z [adapter] ws client connected, 28 total
2026-06-14T12:02:18.239Z [adapter] ws client connected, 29 total
2026-06-14T12:03:21.227Z [adapter] ws client connected, 30 total
2026-06-14T12:04:24.285Z [adapter] ws client connected, 31 total
2026-06-14T12:05:27.233Z [adapter] ws client connected, 32 total
2026-06-14T12:06:51.227Z [adapter] ws client connected, 19 total
2026-06-14T12:07:54.223Z [adapter] ws client connected, 20 total
2026-06-14T12:08:57.217Z [adapter] ws client connected, 21 total
2026-06-14T12:10:00.208Z [adapter] ws client connected, 22 total
2026-06-14T12:11:03.205Z [adapter] ws client connected, 23 total
2026-06-14T12:12:06.207Z [adapter] ws client connected, 24 total
2026-06-14T12:13:09.193Z [adapter] ws client connected, 25 total
2026-06-14T12:14:12.191Z [adapter] ws client connected, 26 total
2026-06-14T12:15:15.196Z [adapter] ws client connected, 27 total
2026-06-14T12:16:18.191Z [adapter] ws client connected, 28 total
2026-06-14T12:17:21.180Z [adapter] ws client connected, 29 total
2026-06-14T12:18:24.175Z [adapter] ws client connected, 30 total
2026-06-14T12:19:27.178Z [adapter] ws client connected, 31 total
2026-06-14T12:20:30.179Z [adapter] ws client connected, 32 total
2026-06-14T12:21:33.163Z [adapter] ws client connected, 33 total
2026-06-14T12:22:36.159Z [adapter] ws client connected, 34 total
2026-06-14T12:23:39.159Z [adapter] ws client connected, 35 total
2026-06-14T12:24:42.160Z [adapter] ws client connected, 36 total
2026-06-14T12:25:45.149Z [adapter] ws client connected, 37 total
2026-06-14T12:26:29.895Z [adapter] ws client connected, 38 total
2026-06-14T12:26:48.156Z [adapter] ws client connected, 39 total
2026-06-14T12:27:32.889Z [adapter] ws client connected, 40 total
2026-06-14T12:27:51.150Z [adapter] ws client connected, 41 total
2026-06-14T12:28:35.898Z [adapter] ws client connected, 42 total
2026-06-14T12:28:54.144Z [adapter] ws client connected, 43 total
2026-06-14T12:29:38.895Z [adapter] ws client connected, 44 total
2026-06-14T12:29:57.134Z [adapter] ws client connected, 45 total
2026-06-14T12:30:41.891Z [adapter] ws client connected, 46 total
2026-06-14T12:31:00.125Z [adapter] ws client connected, 47 total
2026-06-14T12:31:44.892Z [adapter] ws client connected, 48 total
2026-06-14T12:32:03.129Z [adapter] ws client connected, 49 total
2026-06-14T12:33:38.892Z [adapter] ws client connected, 33 total
2026-06-14T12:33:39.120Z [adapter] ws client connected, 34 total
2026-06-14T12:34:41.890Z [adapter] ws client connected, 35 total
2026-06-14T12:34:42.115Z [adapter] ws client connected, 36 total
2026-06-14T12:35:44.889Z [adapter] ws client connected, 37 total
2026-06-14T12:35:45.122Z [adapter] ws client connected, 38 total
2026-06-14T12:36:47.891Z [adapter] ws client connected, 39 total
2026-06-14T12:36:48.117Z [adapter] ws client connected, 40 total
2026-06-14T12:37:50.889Z [adapter] ws client connected, 41 total
2026-06-14T12:37:51.108Z [adapter] ws client connected, 42 total
2026-06-14T12:38:53.889Z [adapter] ws client connected, 43 total
2026-06-14T12:38:54.142Z [adapter] ws client connected, 44 total
2026-06-14T12:39:56.889Z [adapter] ws client connected, 45 total
2026-06-14T12:39:57.097Z [adapter] ws client connected, 46 total
2026-06-14T12:40:59.898Z [adapter] ws client connected, 47 total
2026-06-14T12:41:00.101Z [adapter] ws client connected, 48 total
2026-06-14T12:42:02.887Z [adapter] ws client connected, 49 total
2026-06-14T12:42:03.092Z [adapter] ws client connected, 50 total
2026-06-14T12:43:05.890Z [adapter] ws client connected, 51 total
2026-06-14T12:43:06.083Z [adapter] ws client connected, 52 total
2026-06-14T12:44:08.889Z [adapter] ws client connected, 53 total
2026-06-14T12:44:09.078Z [adapter] ws client connected, 54 total
2026-06-14T12:45:11.886Z [adapter] ws client connected, 55 total
2026-06-14T12:45:12.073Z [adapter] ws client connected, 56 total
2026-06-14T12:46:14.882Z [adapter] ws client connected, 57 total
2026-06-14T12:46:15.082Z [adapter] ws client connected, 58 total
2026-06-14T12:47:17.883Z [adapter] ws client connected, 59 total
2026-06-14T12:47:18.070Z [adapter] ws client connected, 60 total
2026-06-14T12:48:20.887Z [adapter] ws client connected, 61 total
2026-06-14T12:48:21.064Z [adapter] ws client connected, 62 total
2026-06-14T12:49:23.890Z [adapter] ws client connected, 63 total
2026-06-14T12:49:24.068Z [adapter] ws client connected, 64 total
2026-06-14T12:50:26.886Z [adapter] ws client connected, 65 total
2026-06-14T12:50:27.060Z [adapter] ws client connected, 66 total
2026-06-14T12:51:29.885Z [adapter] ws client connected, 67 total
2026-06-14T12:51:30.057Z [adapter] ws client connected, 68 total
2026-06-14T12:52:32.890Z [adapter] ws client connected, 69 total
2026-06-14T12:52:33.055Z [adapter] ws client connected, 70 total
2026-06-14T12:53:35.887Z [adapter] ws client connected, 71 total
2026-06-14T12:53:36.045Z [adapter] ws client connected, 72 total
2026-06-14T12:54:38.885Z [adapter] ws client connected, 73 total
2026-06-14T12:54:39.040Z [adapter] ws client connected, 74 total
2026-06-14T12:55:41.885Z [adapter] ws client connected, 75 total
2026-06-14T12:55:42.048Z [adapter] ws client connected, 76 total
2026-06-14T12:56:44.887Z [adapter] ws client connected, 77 total
2026-06-14T12:56:45.030Z [adapter] ws client connected, 78 total
2026-06-14T12:57:47.890Z [adapter] ws client connected, 79 total
2026-06-14T12:57:48.040Z [adapter] ws client connected, 80 total
2026-06-14T12:58:50.888Z [adapter] ws client connected, 81 total
2026-06-14T12:58:51.026Z [adapter] ws client connected, 82 total
2026-06-14T12:59:53.888Z [adapter] ws client connected, 83 total
2026-06-14T12:59:54.019Z [adapter] ws client connected, 84 total
2026-06-14T13:00:56.885Z [adapter] ws client connected, 85 total
2026-06-14T13:00:57.022Z [adapter] ws client connected, 86 total
2026-06-14T13:01:59.890Z [adapter] ws client connected, 87 total
2026-06-14T13:02:00.016Z [adapter] ws client connected, 88 total
2026-06-14T13:03:02.887Z [adapter] ws client connected, 89 total
2026-06-14T13:03:03.017Z [adapter] ws client connected, 90 total
2026-06-14T13:04:05.893Z [adapter] ws client connected, 91 total
2026-06-14T13:04:06.014Z [adapter] ws client connected, 92 total
2026-06-14T13:05:08.888Z [adapter] ws client connected, 93 total
2026-06-14T13:05:09.011Z [adapter] ws client connected, 94 total
2026-06-14T13:06:11.892Z [adapter] ws client connected, 95 total
2026-06-14T13:06:12.003Z [adapter] ws client connected, 96 total
2026-06-14T13:07:14.891Z [adapter] ws client connected, 97 total
2026-06-14T13:07:14.996Z [adapter] ws client connected, 98 total
2026-06-14T13:07:43.895Z [adapter] ws client connected, 69 total
2026-06-14T13:08:25.998Z [adapter] ws client connected, 70 total
2026-06-14T13:08:46.394Z [adapter] ws client connected, 71 total
2026-06-14T13:09:49.993Z [adapter] ws client connected, 42 total
2026-06-14T13:10:18.931Z [adapter] ws client connected, 43 total
2026-06-14T13:10:52.984Z [adapter] ws client connected, 44 total
2026-06-14T13:11:21.097Z [adapter] ws client connected, 45 total
2026-06-14T13:11:55.979Z [adapter] ws client connected, 46 total
2026-06-14T13:12:58.976Z [adapter] ws client connected, 47 total
2026-06-14T13:13:18.409Z [adapter] ws client connected, 48 total
2026-06-14T13:14:01.982Z [adapter] ws client connected, 49 total
2026-06-14T13:15:04.976Z [adapter] ws client connected, 50 total
2026-06-14T13:15:15.412Z [adapter] ws client connected, 51 total
2026-06-14T13:16:07.979Z [adapter] ws client connected, 52 total
2026-06-14T13:17:10.963Z [adapter] ws client connected, 53 total
2026-06-14T13:17:12.720Z [adapter] ws client connected, 54 total
2026-06-14T13:18:13.961Z [adapter] ws client connected, 55 total
2026-06-14T13:18:29.173Z [adapter] ws client connected, 56 total
2026-06-14T13:19:16.966Z [adapter] ws client connected, 57 total
2026-06-14T13:20:19.964Z [adapter] ws client connected, 58 total
2026-06-14T13:21:10.051Z [adapter] ws client connected, 59 total
2026-06-14T13:21:22.951Z [adapter] ws client connected, 60 total
2026-06-14T13:22:25.948Z [adapter] ws client connected, 61 total
2026-06-14T13:23:09.058Z [adapter] ws client connected, 62 total
2026-06-14T13:23:28.943Z [adapter] ws client connected, 63 total
2026-06-14T13:24:31.945Z [adapter] ws client connected, 64 total
2026-06-14T13:25:07.392Z [adapter] ws client connected, 65 total
2026-06-14T13:25:34.942Z [adapter] ws client connected, 66 total
2026-06-14T13:26:37.930Z [adapter] ws client connected, 67 total
2026-06-14T13:27:36.296Z [adapter] ws client connected, 68 total
2026-06-14T13:27:40.934Z [adapter] ws client connected, 69 total
2026-06-14T13:28:39.298Z [adapter] ws client connected, 70 total
2026-06-14T13:28:43.935Z [adapter] ws client connected, 71 total
2026-06-14T13:29:42.294Z [adapter] ws client connected, 72 total
2026-06-14T13:29:46.918Z [adapter] ws client connected, 73 total
2026-06-14T13:30:45.293Z [adapter] ws client connected, 74 total
2026-06-14T13:30:49.919Z [adapter] ws client connected, 75 total
2026-06-14T13:32:30.914Z [adapter] ws client connected, 37 total
2026-06-14T13:32:31.293Z [adapter] ws client connected, 38 total
2026-06-14T13:33:58.915Z [adapter] ws client connected, 17 total
2026-06-14T13:33:59.298Z [adapter] ws client connected, 18 total
2026-06-14T13:35:01.911Z [adapter] ws client connected, 19 total
2026-06-14T13:35:02.488Z [adapter] ws client connected, 20 total
2026-06-14T13:36:04.903Z [adapter] ws client connected, 21 total
2026-06-14T13:36:05.288Z [adapter] ws client connected, 22 total
2026-06-14T13:37:07.901Z [adapter] ws client connected, 23 total
2026-06-14T13:37:08.297Z [adapter] ws client connected, 24 total
2026-06-14T13:38:10.888Z [adapter] ws client connected, 25 total
2026-06-14T13:38:11.299Z [adapter] ws client connected, 26 total
2026-06-14T13:39:13.886Z [adapter] ws client connected, 27 total
2026-06-14T13:39:14.344Z [adapter] ws client connected, 28 total
2026-06-14T13:40:16.884Z [adapter] ws client connected, 29 total
2026-06-14T13:40:17.297Z [adapter] ws client connected, 30 total
2026-06-14T13:41:19.879Z [adapter] ws client connected, 31 total
2026-06-14T13:41:20.290Z [adapter] ws client connected, 32 total
2026-06-14T13:42:22.885Z [adapter] ws client connected, 33 total
2026-06-14T13:42:23.297Z [adapter] ws client connected, 34 total
2026-06-14T13:43:25.883Z [adapter] ws client connected, 35 total
2026-06-14T13:43:26.292Z [adapter] ws client connected, 36 total
2026-06-14T13:44:28.877Z [adapter] ws client connected, 37 total
2026-06-14T13:44:29.293Z [adapter] ws client connected, 38 total
2026-06-14T13:45:31.869Z [adapter] ws client connected, 39 total
2026-06-14T13:45:32.292Z [adapter] ws client connected, 40 total
2026-06-14T13:46:34.869Z [adapter] ws client connected, 41 total
2026-06-14T13:46:35.292Z [adapter] ws client connected, 42 total
2026-06-14T13:47:37.867Z [adapter] ws client connected, 43 total
2026-06-14T13:47:38.293Z [adapter] ws client connected, 44 total
2026-06-14T13:48:40.864Z [adapter] ws client connected, 45 total
2026-06-14T13:48:41.293Z [adapter] ws client connected, 46 total
2026-06-14T13:49:43.857Z [adapter] ws client connected, 47 total
2026-06-14T13:49:44.293Z [adapter] ws client connected, 48 total
2026-06-14T13:50:46.847Z [adapter] ws client connected, 49 total
2026-06-14T13:50:47.294Z [adapter] ws client connected, 50 total
2026-06-14T13:51:49.845Z [adapter] ws client connected, 51 total
2026-06-14T13:51:50.291Z [adapter] ws client connected, 52 total
2026-06-14T13:52:15.293Z [adapter] ws client connected, 53 total
2026-06-14T13:52:52.848Z [adapter] ws client connected, 54 total
2026-06-14T13:53:17.770Z [adapter] ws client connected, 55 total
2026-06-14T13:53:55.843Z [adapter] ws client connected, 56 total
2026-06-14T13:54:58.836Z [adapter] ws client connected, 57 total
2026-06-14T13:55:16.035Z [adapter] ws client connected, 58 total
2026-06-14T13:56:01.825Z [adapter] ws client connected, 59 total
2026-06-14T13:56:32.224Z [adapter] ws client connected, 60 total
2026-06-14T13:57:04.835Z [adapter] ws client connected, 61 total
2026-06-14T13:57:34.308Z [adapter] ws client connected, 62 total
2026-06-14T13:58:07.824Z [adapter] ws client connected, 63 total
2026-06-14T13:59:10.817Z [adapter] ws client connected, 64 total
2026-06-14T13:59:31.987Z [adapter] ws client connected, 65 total
2026-06-14T14:00:13.820Z [adapter] ws client connected, 66 total
2026-06-14T14:00:34.946Z [adapter] ws client connected, 67 total
2026-06-14T14:01:16.815Z [adapter] ws client connected, 68 total
2026-06-14T14:02:19.811Z [adapter] ws client connected, 69 total
2026-06-14T14:03:22.805Z [adapter] ws client connected, 70 total
2026-06-14T14:04:54.809Z [adapter] ws client connected, 57 total
2026-06-14T14:05:07.643Z [adapter] ws client connected, 58 total
2026-06-14T14:05:57.802Z [adapter] ws client connected, 59 total
2026-06-14T14:07:00.799Z [adapter] ws client connected, 60 total
2026-06-14T14:07:04.615Z [adapter] ws client connected, 61 total
2026-06-14T14:08:03.789Z [adapter] ws client connected, 62 total
2026-06-14T14:09:06.794Z [adapter] ws client connected, 63 total
2026-06-14T14:10:09.786Z [adapter] ws client connected, 64 total
2026-06-14T14:10:37.341Z [adapter] ws client connected, 65 total
2026-06-14T14:11:12.779Z [adapter] ws client connected, 66 total
2026-06-14T14:11:39.871Z [adapter] ws client connected, 67 total
2026-06-14T14:12:15.774Z [adapter] ws client connected, 68 total
2026-06-14T14:13:10.236Z [adapter] ws client connected, 69 total
2026-06-14T14:13:18.775Z [adapter] ws client connected, 70 total
2026-06-14T14:14:21.772Z [adapter] ws client connected, 71 total
2026-06-14T14:15:07.250Z [adapter] ws client connected, 72 total
2026-06-14T14:15:24.766Z [adapter] ws client connected, 73 total
2026-06-14T14:16:27.760Z [adapter] ws client connected, 74 total
2026-06-14T14:17:04.592Z [adapter] ws client connected, 75 total
2026-06-14T14:17:30.760Z [adapter] ws client connected, 76 total
2026-06-14T14:18:33.746Z [adapter] ws client connected, 77 total
2026-06-14T14:19:36.756Z [adapter] ws client connected, 78 total
2026-06-14T14:20:39.740Z [adapter] ws client connected, 79 total
2026-06-14T14:21:03.917Z [adapter] ws client connected, 80 total
2026-06-14T14:21:42.736Z [adapter] ws client connected, 81 total
2026-06-14T14:22:45.740Z [adapter] ws client connected, 82 total
2026-06-14T14:23:00.500Z [adapter] ws client connected, 83 total
2026-06-14T14:23:48.737Z [adapter] ws client connected, 84 total
2026-06-14T14:24:51.723Z [adapter] ws client connected, 85 total
2026-06-14T14:25:54.731Z [adapter] ws client connected, 86 total
2026-06-14T14:26:57.727Z [adapter] ws client connected, 87 total
2026-06-14T14:27:12.342Z [adapter] ws client connected, 88 total
2026-06-14T14:28:00.710Z [adapter] ws client connected, 89 total
2026-06-14T14:29:03.711Z [adapter] ws client connected, 90 total
2026-06-14T14:29:11.714Z [adapter] ws client connected, 91 total
2026-06-14T14:30:06.717Z [adapter] ws client connected, 92 total
2026-06-14T14:31:09.705Z [adapter] ws client connected, 93 total
2026-06-14T14:31:10.712Z [adapter] ws client connected, 94 total
2026-06-14T14:32:45.704Z [adapter] ws client connected, 40 total
2026-06-14T14:33:15.086Z [adapter] ws client connected, 41 total
2026-06-14T14:34:29.700Z [adapter] ws client connected, 23 total
2026-06-14T14:34:29.979Z [adapter] ws client connected, 24 total
2026-06-14T14:35:32.688Z [adapter] ws client connected, 25 total
2026-06-14T14:36:35.688Z [adapter] ws client connected, 26 total
2026-06-14T14:37:05.452Z [adapter] ws client connected, 27 total
2026-06-14T14:37:38.678Z [adapter] ws client connected, 28 total
2026-06-14T14:38:41.678Z [adapter] ws client connected, 29 total
2026-06-14T14:39:05.436Z [adapter] ws client connected, 30 total
2026-06-14T14:39:44.671Z [adapter] ws client connected, 31 total
2026-06-14T14:40:47.670Z [adapter] ws client connected, 32 total
2026-06-14T14:41:03.808Z [adapter] ws client connected, 33 total
2026-06-14T14:41:50.675Z [adapter] ws client connected, 34 total
2026-06-14T14:42:06.748Z [adapter] ws client connected, 35 total
2026-06-14T14:42:53.663Z [adapter] ws client connected, 36 total
2026-06-14T14:43:09.455Z [adapter] ws client connected, 37 total
2026-06-14T14:43:56.669Z [adapter] ws client connected, 38 total
2026-06-14T14:44:59.655Z [adapter] ws client connected, 39 total
2026-06-14T14:45:07.776Z [adapter] ws client connected, 40 total
2026-06-14T14:46:02.648Z [adapter] ws client connected, 41 total
2026-06-14T14:47:05.655Z [adapter] ws client connected, 42 total
2026-06-14T14:48:08.644Z [adapter] ws client connected, 43 total
2026-06-14T14:48:56.358Z [adapter] ws client connected, 44 total
2026-06-14T14:49:11.639Z [adapter] ws client connected, 45 total
2026-06-14T14:50:14.645Z [adapter] ws client connected, 46 total
2026-06-14T14:51:17.635Z [adapter] ws client connected, 47 total
2026-06-14T14:52:20.635Z [adapter] ws client connected, 48 total
2026-06-14T14:52:45.089Z [adapter] ws client connected, 49 total
2026-06-14T14:53:23.625Z [adapter] ws client connected, 50 total
2026-06-14T14:54:26.628Z [adapter] ws client connected, 51 total
2026-06-14T14:54:43.098Z [adapter] ws client connected, 52 total
2026-06-14T14:55:29.626Z [adapter] ws client connected, 53 total
2026-06-14T14:56:32.611Z [adapter] ws client connected, 54 total
2026-06-14T14:57:35.619Z [adapter] ws client connected, 55 total
2026-06-14T14:57:41.218Z [adapter] ws client connected, 56 total
2026-06-14T14:58:38.617Z [adapter] ws client connected, 57 total
2026-06-14T14:59:41.604Z [adapter] ws client connected, 58 total
2026-06-14T15:04:37.212Z [adapter] ws client connected, 38 total
2026-06-14T15:05:39.544Z [adapter] ws client connected, 39 total
2026-06-14T15:09:06.770Z [adapter] ws client connected, 40 total
2026-06-14T15:10:36.748Z [adapter] ws client connected, 41 total
2026-06-14T15:21:06.441Z [adapter] ws client connected, 42 total
2026-06-14T15:30:32.601Z [adapter] ws client connected, 43 total
2026-06-14T16:00:13.169Z [adapter] reminder fired: DeepSeek balance check
2026-06-14T16:48:44.940Z [adapter] ws client connected, 1 total
2026-06-14T16:59:31.851Z [adapter] ws client connected, 2 total
2026-06-14T17:00:41.136Z [adapter] ws client connected, 3 total
2026-06-14T17:04:49.502Z [adapter] ws client connected, 4 total
2026-06-14T17:08:48.876Z [adapter] ws client connected, 2 total
2026-06-14T17:12:48.193Z [adapter] ws client connected, 3 total
2026-06-14T17:16:47.585Z [adapter] ws client connected, 4 total
2026-06-14T17:18:45.760Z [adapter] ws client connected, 5 total
2026-06-14T17:22:50.014Z [adapter] ws client connected, 6 total
2026-06-14T17:23:52.970Z [adapter] ws client connected, 7 total
2026-06-14T17:24:55.967Z [adapter] ws client connected, 8 total
2026-06-14T17:25:58.963Z [adapter] ws client connected, 9 total
2026-06-14T17:27:01.967Z [adapter] ws client connected, 10 total
2026-06-14T17:28:04.967Z [adapter] ws client connected, 11 total
2026-06-14T17:29:07.967Z [adapter] ws client connected, 12 total
2026-06-14T17:30:10.987Z [adapter] ws client connected, 13 total
2026-06-14T17:31:13.963Z [adapter] ws client connected, 14 total
2026-06-14T17:32:51.968Z [adapter] ws client connected, 14 total
2026-06-14T17:33:59.969Z [adapter] ws client connected, 5 total
2026-06-14T17:35:02.962Z [adapter] ws client connected, 6 total
2026-06-14T17:37:30.968Z [adapter] ws client connected, 4 total
2026-06-14T17:38:33.963Z [adapter] ws client connected, 5 total
2026-06-14T17:39:36.969Z [adapter] ws client connected, 6 total
2026-06-14T17:40:39.966Z [adapter] ws client connected, 7 total
2026-06-14T17:41:42.965Z [adapter] ws client connected, 8 total
2026-06-14T17:42:45.962Z [adapter] ws client connected, 9 total
2026-06-14T17:43:48.964Z [adapter] ws client connected, 10 total
2026-06-14T17:44:51.965Z [adapter] ws client connected, 11 total
2026-06-14T17:45:54.960Z [adapter] ws client connected, 12 total
2026-06-14T17:46:57.966Z [adapter] ws client connected, 13 total
2026-06-14T17:48:00.959Z [adapter] ws client connected, 14 total
2026-06-14T17:49:03.968Z [adapter] ws client connected, 15 total
2026-06-14T17:50:06.964Z [adapter] ws client connected, 16 total
2026-06-14T17:51:09.962Z [adapter] ws client connected, 17 total
2026-06-14T17:52:12.963Z [adapter] ws client connected, 18 total
2026-06-14T17:53:15.964Z [adapter] ws client connected, 19 total
2026-06-14T17:54:18.962Z [adapter] ws client connected, 20 total
2026-06-14T17:55:21.978Z [adapter] ws client connected, 21 total
2026-06-14T17:56:24.965Z [adapter] ws client connected, 22 total
2026-06-14T17:57:27.970Z [adapter] ws client connected, 23 total
2026-06-14T17:58:30.964Z [adapter] ws client connected, 24 total
2026-06-14T17:59:33.963Z [adapter] ws client connected, 25 total
2026-06-14T18:00:37.189Z [adapter] ws client connected, 26 total
2026-06-14T18:01:39.965Z [adapter] ws client connected, 27 total
2026-06-14T18:02:42.113Z [adapter] ws client connected, 28 total
2026-06-14T18:04:43.967Z [adapter] ws client connected, 27 total
2026-06-14T18:06:05.966Z [adapter] ws client connected, 14 total
2026-06-14T18:07:08.965Z [adapter] ws client connected, 15 total
2026-06-14T18:08:11.961Z [adapter] ws client connected, 16 total
2026-06-14T18:09:14.965Z [adapter] ws client connected, 17 total
2026-06-14T18:10:17.966Z [adapter] ws client connected, 18 total
2026-06-14T18:11:20.966Z [adapter] ws client connected, 19 total
2026-06-14T18:12:23.970Z [adapter] ws client connected, 20 total
2026-06-14T18:13:26.109Z [adapter] ws client connected, 21 total
2026-06-14T18:14:28.964Z [adapter] ws client connected, 22 total
2026-06-14T18:15:31.968Z [adapter] ws client connected, 23 total
2026-06-14T18:16:34.971Z [adapter] ws client connected, 24 total
2026-06-14T18:17:37.968Z [adapter] ws client connected, 25 total
2026-06-14T18:18:40.967Z [adapter] ws client connected, 26 total
2026-06-14T18:19:43.964Z [adapter] ws client connected, 27 total
2026-06-14T18:20:46.967Z [adapter] ws client connected, 28 total
2026-06-14T18:21:49.968Z [adapter] ws client connected, 29 total
2026-06-14T18:22:52.969Z [adapter] ws client connected, 30 total
2026-06-14T18:23:55.970Z [adapter] ws client connected, 31 total
2026-06-14T18:24:58.969Z [adapter] ws client connected, 32 total
2026-06-14T18:26:01.973Z [adapter] ws client connected, 33 total
2026-06-14T18:26:51.967Z [adapter] ws client connected, 34 total
2026-06-14T18:31:16.162Z [adapter] ws client connected, 35 total
2026-06-14T18:33:05.447Z [adapter] ws client connected, 12 total
2026-06-14T18:34:34.922Z [adapter] ws client connected, 13 total
2026-06-14T18:36:33.368Z [adapter] ws client connected, 14 total
2026-06-14T18:49:21.818Z [adapter] ws client connected, 14 total
2026-06-14T18:50:24.823Z [adapter] ws client connected, 15 total
2026-06-14T18:51:27.821Z [adapter] ws client connected, 16 total
2026-06-14T18:52:30.822Z [adapter] ws client connected, 17 total
2026-06-14T18:53:33.818Z [adapter] ws client connected, 18 total
2026-06-14T18:54:36.821Z [adapter] ws client connected, 19 total
2026-06-14T18:55:39.821Z [adapter] ws client connected, 20 total
2026-06-14T18:56:42.814Z [adapter] ws client connected, 21 total
2026-06-14T18:57:45.816Z [adapter] ws client connected, 22 total
2026-06-14T18:58:48.816Z [adapter] ws client connected, 23 total
2026-06-14T18:59:51.815Z [adapter] ws client connected, 24 total
2026-06-14T19:00:54.816Z [adapter] ws client connected, 25 total
2026-06-14T19:01:57.817Z [adapter] ws client connected, 26 total
2026-06-14T19:03:00.815Z [adapter] ws client connected, 27 total
2026-06-14T19:04:03.933Z [adapter] ws client connected, 28 total
2026-06-14T19:05:06.813Z [adapter] ws client connected, 29 total
2026-06-14T19:06:09.818Z [adapter] ws client connected, 30 total
2026-06-14T19:07:12.812Z [adapter] ws client connected, 31 total
2026-06-14T19:08:15.815Z [adapter] ws client connected, 32 total
2026-06-14T19:09:32.816Z [adapter] ws client connected, 21 total
2026-06-14T19:10:35.817Z [adapter] ws client connected, 22 total
2026-06-14T19:11:38.816Z [adapter] ws client connected, 23 total
2026-06-14T19:12:41.812Z [adapter] ws client connected, 24 total
2026-06-14T19:13:44.817Z [adapter] ws client connected, 25 total
2026-06-14T19:14:47.816Z [adapter] ws client connected, 26 total
2026-06-14T19:15:50.817Z [adapter] ws client connected, 27 total
2026-06-14T19:16:53.813Z [adapter] ws client connected, 28 total
2026-06-14T19:17:56.812Z [adapter] ws client connected, 29 total
2026-06-14T19:18:59.812Z [adapter] ws client connected, 30 total
2026-06-14T19:20:02.814Z [adapter] ws client connected, 31 total
2026-06-14T19:21:05.813Z [adapter] ws client connected, 32 total
2026-06-14T19:22:08.815Z [adapter] ws client connected, 33 total
2026-06-14T19:23:11.815Z [adapter] ws client connected, 34 total
2026-06-14T19:24:14.813Z [adapter] ws client connected, 35 total
2026-06-14T19:25:17.814Z [adapter] ws client connected, 36 total
2026-06-14T19:26:20.814Z [adapter] ws client connected, 37 total
2026-06-14T19:27:23.812Z [adapter] ws client connected, 38 total
2026-06-14T19:28:26.812Z [adapter] ws client connected, 39 total
2026-06-14T19:29:29.814Z [adapter] ws client connected, 40 total
2026-06-14T19:30:32.823Z [adapter] ws client connected, 41 total
2026-06-14T19:31:35.820Z [adapter] ws client connected, 42 total
2026-06-14T19:32:51.831Z [adapter] ws client connected, 24 total
2026-06-14T19:33:54.811Z [adapter] ws client connected, 25 total
2026-06-14T19:34:57.811Z [adapter] ws client connected, 26 total
2026-06-14T19:36:19.821Z [adapter] ws client connected, 12 total
2026-06-14T19:37:37.830Z [adapter] ws client connected, 10 total
2026-06-14T19:38:40.814Z [adapter] ws client connected, 11 total
2026-06-14T19:39:43.808Z [adapter] ws client connected, 12 total
2026-06-14T19:40:46.815Z [adapter] ws client connected, 13 total
2026-06-14T19:41:53.970Z [adapter] ws client connected, 14 total
2026-06-14T19:42:56.820Z [adapter] ws client connected, 15 total
2026-06-14T19:43:59.825Z [adapter] ws client connected, 16 total
2026-06-14T19:45:02.824Z [adapter] ws client connected, 17 total
2026-06-14T19:46:05.835Z [adapter] ws client connected, 18 total
2026-06-14T19:47:08.856Z [adapter] ws client connected, 19 total
2026-06-14T19:48:11.817Z [adapter] ws client connected, 20 total
2026-06-14T19:49:14.812Z [adapter] ws client connected, 21 total
2026-06-14T19:50:17.835Z [adapter] ws client connected, 22 total
2026-06-14T19:51:20.809Z [adapter] ws client connected, 23 total
2026-06-14T19:52:23.849Z [adapter] ws client connected, 24 total
2026-06-14T19:53:26.821Z [adapter] ws client connected, 25 total
2026-06-14T19:54:29.857Z [adapter] ws client connected, 26 total
2026-06-14T19:55:32.812Z [adapter] ws client connected, 27 total
2026-06-14T19:56:35.838Z [adapter] ws client connected, 28 total
2026-06-14T19:57:38.813Z [adapter] ws client connected, 29 total
2026-06-14T19:58:41.805Z [adapter] ws client connected, 30 total
2026-06-14T19:59:44.811Z [adapter] ws client connected, 31 total
2026-06-14T20:00:14.331Z [adapter] reminder fired: DeepSeek balance check
2026-06-14T20:01:16.826Z [adapter] ws client connected, 24 total
2026-06-14T20:03:12.829Z [adapter] ws client connected, 11 total
2026-06-14T20:04:48.838Z [adapter] ws client connected, 11 total
2026-06-14T20:05:51.812Z [adapter] ws client connected, 12 total
2026-06-14T20:06:54.821Z [adapter] ws client connected, 13 total
2026-06-14T20:07:57.822Z [adapter] ws client connected, 14 total
2026-06-14T20:09:00.806Z [adapter] ws client connected, 15 total
2026-06-14T20:10:03.810Z [adapter] ws client connected, 16 total
2026-06-14T20:11:06.813Z [adapter] ws client connected, 17 total
2026-06-14T20:12:09.805Z [adapter] ws client connected, 18 total
2026-06-14T20:13:12.811Z [adapter] ws client connected, 19 total
2026-06-14T20:14:15.807Z [adapter] ws client connected, 20 total
2026-06-14T20:15:18.806Z [adapter] ws client connected, 21 total
2026-06-14T20:16:21.807Z [adapter] ws client connected, 22 total
2026-06-14T20:17:24.810Z [adapter] ws client connected, 23 total
2026-06-14T20:18:27.807Z [adapter] ws client connected, 24 total
2026-06-14T20:19:30.810Z [adapter] ws client connected, 25 total
2026-06-14T20:20:33.811Z [adapter] ws client connected, 26 total
2026-06-14T20:21:36.811Z [adapter] ws client connected, 27 total
2026-06-14T20:22:39.807Z [adapter] ws client connected, 28 total
2026-06-14T20:23:42.809Z [adapter] ws client connected, 29 total
2026-06-14T20:24:45.805Z [adapter] ws client connected, 30 total
2026-06-14T20:25:48.809Z [adapter] ws client connected, 31 total
2026-06-14T20:26:51.809Z [adapter] ws client connected, 32 total
2026-06-14T20:27:54.811Z [adapter] ws client connected, 33 total
2026-06-14T20:28:57.806Z [adapter] ws client connected, 34 total
2026-06-14T20:30:00.804Z [adapter] ws client connected, 35 total
2026-06-14T20:31:58.808Z [adapter] ws client connected, 27 total
2026-06-14T20:33:50.811Z [adapter] ws client connected, 14 total
2026-06-14T20:34:53.809Z [adapter] ws client connected, 15 total
2026-06-14T20:35:56.804Z [adapter] ws client connected, 16 total
2026-06-14T20:36:59.822Z [adapter] ws client connected, 17 total
2026-06-14T20:38:02.822Z [adapter] ws client connected, 18 total
2026-06-14T20:39:05.809Z [adapter] ws client connected, 19 total
2026-06-14T20:40:09.372Z [adapter] ws client connected, 20 total
2026-06-14T20:41:11.801Z [adapter] ws client connected, 21 total
2026-06-14T20:42:14.806Z [adapter] ws client connected, 22 total
2026-06-14T20:43:17.834Z [adapter] ws client connected, 23 total
2026-06-14T20:44:23.527Z [adapter] ws client connected, 24 total
2026-06-14T20:45:25.819Z [adapter] ws client connected, 25 total
2026-06-14T20:46:28.806Z [adapter] ws client connected, 26 total
2026-06-14T20:47:31.808Z [adapter] ws client connected, 27 total
2026-06-14T20:48:34.804Z [adapter] ws client connected, 28 total
2026-06-14T20:49:37.813Z [adapter] ws client connected, 29 total
2026-06-14T20:50:40.807Z [adapter] ws client connected, 30 total
2026-06-14T20:51:43.841Z [adapter] ws client connected, 31 total
2026-06-14T20:52:46.803Z [adapter] ws client connected, 32 total
2026-06-14T20:53:49.806Z [adapter] ws client connected, 33 total
2026-06-14T20:54:52.805Z [adapter] ws client connected, 34 total
2026-06-14T20:55:55.804Z [adapter] ws client connected, 35 total
2026-06-14T20:56:59.500Z [adapter] ws client connected, 36 total
2026-06-14T20:58:01.799Z [adapter] ws client connected, 37 total
2026-06-14T20:59:04.800Z [adapter] ws client connected, 38 total
2026-06-14T21:00:07.806Z [adapter] ws client connected, 39 total
2026-06-14T21:01:10.811Z [adapter] ws client connected, 40 total
2026-06-14T21:02:13.803Z [adapter] ws client connected, 41 total
2026-06-14T21:03:16.823Z [adapter] ws client connected, 42 total
2026-06-14T21:04:19.813Z [adapter] ws client connected, 43 total
2026-06-14T21:05:25.816Z [adapter] ws client connected, 32 total
2026-06-14T21:06:28.814Z [adapter] ws client connected, 33 total
2026-06-14T21:07:31.812Z [adapter] ws client connected, 34 total
2026-06-14T21:08:34.826Z [adapter] ws client connected, 35 total
2026-06-14T21:09:37.803Z [adapter] ws client connected, 36 total
2026-06-14T21:10:40.832Z [adapter] ws client connected, 37 total
2026-06-14T21:11:43.807Z [adapter] ws client connected, 38 total
2026-06-14T21:12:46.822Z [adapter] ws client connected, 39 total
2026-06-14T21:13:49.975Z [adapter] ws client connected, 40 total
2026-06-14T21:14:52.808Z [adapter] ws client connected, 41 total
2026-06-14T21:15:55.800Z [adapter] ws client connected, 42 total
2026-06-14T21:16:58.819Z [adapter] ws client connected, 43 total
2026-06-14T21:18:01.810Z [adapter] ws client connected, 44 total
2026-06-14T21:19:04.799Z [adapter] ws client connected, 45 total
2026-06-14T21:20:07.817Z [adapter] ws client connected, 46 total
2026-06-14T21:21:10.798Z [adapter] ws client connected, 47 total
2026-06-14T21:22:13.832Z [adapter] ws client connected, 48 total
2026-06-14T21:23:16.823Z [adapter] ws client connected, 49 total
2026-06-14T21:24:19.813Z [adapter] ws client connected, 50 total
2026-06-14T21:25:22.816Z [adapter] ws client connected, 51 total
2026-06-14T21:26:25.808Z [adapter] ws client connected, 52 total
2026-06-14T21:27:28.814Z [adapter] ws client connected, 53 total
2026-06-14T21:28:31.793Z [adapter] ws client connected, 54 total
2026-06-14T21:29:34.801Z [adapter] ws client connected, 55 total
2026-06-14T21:30:37.828Z [adapter] ws client connected, 56 total
2026-06-14T21:31:40.822Z [adapter] ws client connected, 57 total
2026-06-14T21:32:52.817Z [adapter] ws client connected, 28 total
2026-06-14T21:33:55.806Z [adapter] ws client connected, 29 total
2026-06-14T21:35:06.856Z [adapter] ws client connected, 15 total
2026-06-14T21:36:09.792Z [adapter] ws client connected, 16 total
2026-06-14T21:37:12.806Z [adapter] ws client connected, 17 total
2026-06-14T21:38:15.794Z [adapter] ws client connected, 18 total
2026-06-14T21:39:18.806Z [adapter] ws client connected, 19 total
2026-06-14T21:40:21.798Z [adapter] ws client connected, 20 total
2026-06-14T21:41:24.794Z [adapter] ws client connected, 21 total
2026-06-14T21:42:27.803Z [adapter] ws client connected, 22 total
2026-06-14T21:43:30.818Z [adapter] ws client connected, 23 total
2026-06-14T21:44:33.792Z [adapter] ws client connected, 24 total
2026-06-14T21:45:36.797Z [adapter] ws client connected, 25 total
2026-06-14T21:46:39.799Z [adapter] ws client connected, 26 total
2026-06-14T21:47:42.792Z [adapter] ws client connected, 27 total
2026-06-14T21:48:45.807Z [adapter] ws client connected, 28 total
2026-06-14T21:49:48.793Z [adapter] ws client connected, 29 total
2026-06-14T21:50:51.797Z [adapter] ws client connected, 30 total
2026-06-14T21:51:54.806Z [adapter] ws client connected, 31 total
2026-06-14T21:52:57.790Z [adapter] ws client connected, 32 total
2026-06-14T21:54:00.822Z [adapter] ws client connected, 33 total
2026-06-14T21:55:03.792Z [adapter] ws client connected, 34 total
2026-06-14T21:56:06.807Z [adapter] ws client connected, 35 total
2026-06-14T21:57:09.791Z [adapter] ws client connected, 36 total
2026-06-14T21:58:12.793Z [adapter] ws client connected, 37 total
2026-06-14T21:59:15.791Z [adapter] ws client connected, 38 total
2026-06-14T22:00:18.934Z [adapter] ws client connected, 39 total
2026-06-14T22:01:54.798Z [adapter] ws client connected, 27 total
2026-06-14T22:02:57.786Z [adapter] ws client connected, 28 total
2026-06-14T22:04:00.792Z [adapter] ws client connected, 29 total
2026-06-14T22:05:03.786Z [adapter] ws client connected, 30 total
2026-06-14T22:06:06.787Z [adapter] ws client connected, 31 total
2026-06-14T22:07:09.790Z [adapter] ws client connected, 32 total
2026-06-14T22:08:12.790Z [adapter] ws client connected, 33 total
2026-06-14T22:09:15.791Z [adapter] ws client connected, 34 total
2026-06-14T22:10:18.790Z [adapter] ws client connected, 35 total
2026-06-14T22:11:21.787Z [adapter] ws client connected, 36 total
2026-06-14T22:12:24.790Z [adapter] ws client connected, 37 total
2026-06-14T22:13:27.790Z [adapter] ws client connected, 38 total
2026-06-14T22:14:30.793Z [adapter] ws client connected, 39 total
2026-06-14T22:15:33.792Z [adapter] ws client connected, 40 total
2026-06-14T22:16:36.790Z [adapter] ws client connected, 41 total
2026-06-14T22:17:39.790Z [adapter] ws client connected, 42 total
2026-06-14T22:18:42.787Z [adapter] ws client connected, 43 total
2026-06-14T22:19:45.786Z [adapter] ws client connected, 44 total
2026-06-14T22:20:48.787Z [adapter] ws client connected, 45 total
2026-06-15T00:00:03.480Z [adapter] reminder fired: DeepSeek balance check
2026-06-15T00:00:03.480Z [adapter] reminder fired: Config drift lint
2026-06-15T04:00:07.140Z [adapter] reminder fired: DeepSeek balance check
2026-06-15T06:49:02.031Z [adapter] ws client connected, 1 total
2026-06-15T06:50:04.462Z [adapter] ws client connected, 2 total
2026-06-15T06:51:07.464Z [adapter] ws client connected, 3 total
2026-06-15T06:52:10.452Z [adapter] ws client connected, 4 total
2026-06-15T06:53:13.453Z [adapter] ws client connected, 5 total
2026-06-15T06:54:16.450Z [adapter] ws client connected, 6 total
2026-06-15T06:55:19.441Z [adapter] ws client connected, 7 total
2026-06-15T06:56:22.439Z [adapter] ws client connected, 8 total
2026-06-15T06:57:25.441Z [adapter] ws client connected, 9 total
2026-06-15T06:58:28.441Z [adapter] ws client connected, 10 total
2026-06-15T06:59:31.435Z [adapter] ws client connected, 11 total
2026-06-15T07:00:34.429Z [adapter] ws client connected, 12 total
2026-06-15T07:01:37.428Z [adapter] ws client connected, 13 total
2026-06-15T07:02:40.422Z [adapter] ws client connected, 14 total
2026-06-15T07:03:43.411Z [adapter] ws client connected, 15 total
2026-06-15T07:04:46.414Z [adapter] ws client connected, 16 total
2026-06-15T07:05:49.409Z [adapter] ws client connected, 17 total
2026-06-15T07:06:52.401Z [adapter] ws client connected, 18 total
2026-06-15T07:07:55.402Z [adapter] ws client connected, 19 total
2026-06-15T07:08:58.395Z [adapter] ws client connected, 20 total
2026-06-15T07:10:01.394Z [adapter] ws client connected, 21 total
2026-06-15T07:11:04.399Z [adapter] ws client connected, 22 total
2026-06-15T07:12:07.382Z [adapter] ws client connected, 23 total
2026-06-15T07:13:51.386Z [adapter] ws client connected, 24 total
2026-06-15T07:14:54.381Z [adapter] ws client connected, 25 total
2026-06-15T07:15:57.377Z [adapter] ws client connected, 26 total
2026-06-15T07:17:00.370Z [adapter] ws client connected, 27 total
2026-06-15T07:18:03.363Z [adapter] ws client connected, 28 total
2026-06-15T07:19:06.365Z [adapter] ws client connected, 29 total
2026-06-15T07:20:09.356Z [adapter] ws client connected, 30 total
2026-06-15T07:21:12.363Z [adapter] ws client connected, 31 total
2026-06-15T07:22:15.343Z [adapter] ws client connected, 32 total
2026-06-15T07:23:18.347Z [adapter] ws client connected, 33 total
2026-06-15T07:24:21.345Z [adapter] ws client connected, 34 total
2026-06-15T07:25:24.344Z [adapter] ws client connected, 35 total
2026-06-15T07:26:27.340Z [adapter] ws client connected, 36 total
2026-06-15T07:27:30.326Z [adapter] ws client connected, 37 total
2026-06-15T07:28:33.336Z [adapter] ws client connected, 38 total
2026-06-15T07:29:36.322Z [adapter] ws client connected, 39 total
2026-06-15T07:30:39.328Z [adapter] ws client connected, 40 total
2026-06-15T07:31:42.325Z [adapter] ws client connected, 41 total
2026-06-15T07:32:58.314Z [adapter] ws client connected, 20 total
2026-06-15T07:34:01.304Z [adapter] ws client connected, 21 total
2026-06-15T07:35:12.310Z [adapter] ws client connected, 7 total
2026-06-15T07:36:15.300Z [adapter] ws client connected, 8 total
2026-06-15T07:37:18.298Z [adapter] ws client connected, 9 total
2026-06-15T07:38:21.292Z [adapter] ws client connected, 10 total
2026-06-15T07:39:24.294Z [adapter] ws client connected, 11 total
2026-06-15T07:40:27.284Z [adapter] ws client connected, 12 total
2026-06-15T07:41:30.278Z [adapter] ws client connected, 13 total
2026-06-15T07:42:33.288Z [adapter] ws client connected, 14 total
2026-06-15T07:43:36.282Z [adapter] ws client connected, 15 total
2026-06-15T07:44:39.270Z [adapter] ws client connected, 16 total
2026-06-15T07:45:42.264Z [adapter] ws client connected, 17 total
2026-06-15T07:46:45.261Z [adapter] ws client connected, 18 total
2026-06-15T07:47:48.274Z [adapter] ws client connected, 19 total
2026-06-15T07:48:51.255Z [adapter] ws client connected, 20 total
2026-06-15T07:49:54.248Z [adapter] ws client connected, 21 total
2026-06-15T07:50:57.256Z [adapter] ws client connected, 22 total
2026-06-15T07:52:00.247Z [adapter] ws client connected, 23 total
2026-06-15T07:53:03.246Z [adapter] ws client connected, 24 total
2026-06-15T07:54:06.237Z [adapter] ws client connected, 25 total
2026-06-15T07:55:09.238Z [adapter] ws client connected, 26 total
2026-06-15T07:56:12.230Z [adapter] ws client connected, 27 total
2026-06-15T07:57:21.235Z [adapter] ws client connected, 28 total
2026-06-15T07:58:24.222Z [adapter] ws client connected, 29 total
2026-06-15T07:59:27.218Z [adapter] ws client connected, 30 total
2026-06-15T08:00:11.937Z [adapter] reminder fired: DeepSeek balance check
2026-06-15T08:01:14.206Z [adapter] ws client connected, 26 total
2026-06-15T08:02:17.207Z [adapter] ws client connected, 27 total
2026-06-15T08:03:20.202Z [adapter] ws client connected, 28 total
2026-06-15T08:04:23.197Z [adapter] ws client connected, 29 total
2026-06-15T08:05:26.197Z [adapter] ws client connected, 30 total
